rxn	EC	arm	UMA	GC	eQ	consensus	UMA-cons
rxn00026	1	consensus	-86.3	-26.5	-26.8	-26.6	-59.6
rxn01246	1	consensus	-577.9	-137.6	-139.0	-138.3	-439.6
rxn01801	1	consensus	-524.4	-125.4	-130.5	-128.0	-396.4
rxn01934	1	consensus	-150.6	-31.1	-30.4	-30.8	-119.8
rxn03629	1	consensus	-377.4	-84.7	-88.5	-86.6	-290.8
rxn11631	1	consensus	-163.2	-41.5	-40.4	-41.0	-122.2
rxn11660	1	consensus	-166.9	-41.5	-40.4	-41.0	-126.0
rxn00126	2	consensus	-46.1	-12.6	-20.4	-16.5	-29.6
rxn02200	2	consensus	-42.8	-6.7	-6.5	-6.6	-36.2
rxn02320	2	consensus	+6.3	-2.5	-1.8	-2.1	+8.4
rxn02713	2	consensus	-56.5	-4.4	-1.8	-3.1	-53.4
rxn02897	2	consensus	-43.5	-2.9	-5.6	-4.2	-39.2
rxn05012	2	consensus	-15.3	+0.6	-1.6	-0.5	-14.8
rxn23417	2	consensus	+5.4	-0.7	+5.3	+2.3	+3.1
rxn00022	3	consensus	-14.7	-3.1	-3.5	-3.3	-11.4
rxn01368	3	consensus	-19.1	-5.1	-3.8	-4.4	-14.7
rxn10054	3	consensus	-19.1	-5.1	-5.1	-5.1	-14.0
rxn42471	3	consensus	-2.3	-3.1	-3.2	-3.2	+0.9
rxn00495	4	consensus	-13.0	-0.2	-0.9	-0.6	-12.4
rxn01644	4	consensus	+40.7	-30.9	-29.6	-30.2	+71.0
rxn02213	4	consensus	+8.9	-8.5	-1.3	-4.9	+13.8
rxn03272	4	consensus	+23.4	+1.5	+0.4	+0.9	+22.4
rxn03442	4	consensus	+21.7	+2.4	+0.4	+1.4	+20.3
rxn04734	4	consensus	-48.0	-0.1	-2.3	-1.2	-46.8
rxn28948	4	consensus	-14.7	-3.1	-5.9	-4.5	-10.2
rxn41024	4	consensus	+52.9	+2.6	+2.4	+2.5	+50.4
rxn01532	5	consensus	+16.8	+0.0	+1.8	+0.9	+15.9
rxn02885	5	consensus	+0.0	+5.0	-0.0	+2.5	-2.5
rxn03040	5	consensus	-1.3	-4.4	-0.0	-2.2	+0.9
rxn05067	5	consensus	+11.1	+0.0	-0.0	+0.0	+11.1
rxn16799	5	consensus	-10.0	+0.0	+0.0	+0.0	-10.0
rxn16802	5	consensus	-19.9	-1.6	+0.4	-0.6	-19.3
rxn19128	5	consensus	+0.8	+0.0	+1.2	+0.6	+0.2
rxn00774	6	consensus	-15.3	-9.3	-7.7	-8.5	-6.8
rxn03559	1	diverge	-313.0	-74.5	-62.1	-68.3	-244.7
rxn03786	1	diverge	-374.0	-99.6	-80.4	-90.0	-284.0
rxn14330	1	diverge	-245.1	-81.3	-92.4	-86.8	-158.2
rxn16410	1	diverge	-661.1	-45.2	-144.4	-94.8	-566.3
rxn24140	1	diverge	-359.1	-78.0	-126.8	-102.4	-256.7
rxn45418	1	diverge	-323.9	-91.7	-72.7	-82.2	-241.7
rxn46886	1	diverge	-481.9	-109.3	-129.7	-119.5	-362.4
rxn00097	2	diverge	-16.7	+9.5	-0.4	+4.5	-21.2
rxn00385	2	diverge	-12.6	-14.0	-66.8	-40.4	+27.8
rxn00884	2	diverge	-72.2	-4.4	+7.2	+1.4	-73.6
rxn01357	2	diverge	-6.4	-14.8	-65.0	-39.9	+33.5
rxn22219	2	diverge	+26.6	-3.8	+7.4	+1.8	+24.8
rxn39359	2	diverge	-53.7	-14.0	+1.1	-6.5	-47.2
rxn47929	2	diverge	-125.5	-20.6	-5.5	-13.1	-112.5
rxn00883	3	diverge	-9.9	+7.2	-5.2	+1.0	-10.9
rxn01640	3	diverge	-57.9	+2.8	-7.0	-2.1	-55.8
rxn01854	3	diverge	+11.4	+5.3	-86.0	-40.4	+51.8
rxn02499	3	diverge	-22.4	+7.2	-6.2	+0.5	-22.9
rxn02574	3	diverge	-16.3	-3.1	+6.3	+1.6	-17.9
rxn04838	3	diverge	-44.3	-3.6	+6.5	+1.4	-45.8
rxn04913	3	diverge	-60.5	-3.6	+6.5	+1.4	-62.0
rxn08038	3	diverge	-21.4	+7.2	-5.8	+0.7	-22.1
rxn08571	3	diverge	-23.5	+7.2	-4.9	+1.1	-24.6
rxn22519	3	diverge	-32.1	-23.1	-11.5	-17.3	-14.8
rxn01472	4	diverge	-73.4	-9.1	-47.0	-28.1	-45.4
rxn12187	4	diverge	-143.7	-26.9	-89.8	-58.3	-85.3
rxn24515	4	diverge	-58.7	-3.6	-33.5	-18.6	-40.2
rxn25011	4	diverge	-41.8	-33.4	-142.3	-87.9	+46.1
rxn39681	4	diverge	-93.0	-41.0	-106.9	-74.0	-19.0
rxn40676	4	diverge	-136.5	-60.1	-95.4	-77.8	-58.8
rxn41817	4	diverge	-159.4	-51.7	-142.0	-96.8	-62.6
rxn02397	5	diverge	+0.0	+5.0	-13.8	-4.4	+4.4
rxn05070	5	diverge	-200.7	-119.2	-247.6	-183.4	-17.3
rxn05072	5	diverge	-32.8	-1.7	-14.4	-8.1	-24.7
rxn15378	5	diverge	+31.4	+8.4	+23.3	+15.9	+15.5
rxn15607	5	diverge	-98.3	-22.7	-82.0	-52.4	-45.9
rxn44163	5	diverge	-101.9	-48.4	-86.7	-67.5	-34.4
