reference_code,pmid,doi,comment
00BYR/GOL,10723544.0,10.1016/S0301-4622(99)00145-3,
00DIC/BUR,10748184.0,10.1074/jbc.M910044199,"same as 01DIC/BUR, part 7, ref 98"
00DIE,,,"part 7, ref  150"
00FLO/SEW,10620267.0,10.1002/(SICI)1097-0290(20000205)67:3<364::AID-BIT13>3.0.CO,
00FRA/KOS,,10.1039/b000018n,
00KIS/TEW,,10.1006/jcht.1999.0496,
00LIA/HUA,,10.1016/S0040-6031(00)00355-5,
00LIA/QU,,10.1016/S0009-2509(00)00417-6,
00ROD/BAR,10890880.0,10.1073/pnas.120168097,
00TEW,,10.1016/S1381-1177(99)00087-9,
00TEW/DAV,,10.1006/jcht.2000.0677,
00TEW/GOL,,10.1006/jcht.2000.0686,
00WU/FEN,,10.1021/ja992286h,
00ZHE/BLA,10736170.0,10.1021/bi992676g,
01TEW/BUN,,10.1016/S1381-1177(01)00016-9,
01TEW/KIS,,10.1006/jcht.2001.0862,
01TIS/IHL,,,
02DOB/HIT,11986306.0,10.1074/jbc.M111422200,
02FLO/HAL,12001171.0,10.1002/bit.10260,
02ISO/KOI,,10.1016/S1389-1723(02)80173-6,
02KIM/BAK,12107130.0,10.1128/JB.184.15.4134-4140.2002,
02NES/ZHO,12133002.0,10.1042/bj20020551,
02TEW/HAW,,10.1016/S0021-9614(02)00226-4,
02VUO/PAS,,10.1080/10242420290029463,
03BIA,12611889.0,10.1074/jbc.M211103200,
03GOL/TEW,,10.1016/j.jct.2003.08.002,
03KIN,12573288.0,10.1016/S0003-9861(02)00692-6,
03KOB/FUR,,10.1016/S1381-1177(03)00109-7,
03MER/WOO,12805358.0,10.1074/jbc.M303661200,
03RAN/VAN,12568939.0,10.1016/S0301-4622(02)00254-5,
03TEW/GOL,,10.1016/S0021-9614(03)00111-3,
03TEW/VAN,,10.1016/S1381-1177(02)00120-0,
03WAT/YAM,,10.1016/S1381-1177(03)00102-4,
04DAS/BOM,15322117.0,10.1074/jbc.M408866200,
04LI/LI,,10.1002/cjoc.20040220307,
04STO/SCH,15158492.0,10.1016/S0003-2697(04)00219-2,
04TEW/IHA,,10.1016/j.molcatb.2004.04.005,
05SIR/HUE,,10.1016/j.tca.2004.06.011,
05TEW/GOL,,10.1016/j.jct.2004.11.011,
05TEW/SCH,,10.1016/j.jct.2004.08.002,
06AIR,16427818.0,10.1016/j.bbapap.2005.11.020,
06MCC/ARA,16519510.0,10.1021/bi052232m,
06ONO/YAN,16616264.0,10.1016/j.phytochem.2006.02.017,
06POD/BEL,16884305.0,10.1021/jm060202r,
06TAN/SUR,16967985.0,10.1021/ja0627702,
06TEW/KIS,,10.1016/j.jct.2005.12.014,
06TEW/PHI,,10.1016/j.jct.2005.06.005,
06XU/WES,17002315.0,10.1021/bi0610808,
07LIN/ALG,17223711.0,10.1021/bi062067q,
07TEW/KIS,,10.1016/j.jct.2006.10.010,
07TEW/LIE,,10.1016/j.jct.2006.12.007,
26QUA/WOO,16743691.0,10.1042/bj0200545,
29WOO,16744231.0,10.1042/bj0230472,
31BOR/SCH,,10.1016/S0021-9258(17)32602-9,
34JAC,,,
34LOH/MEY,,,
34MEY/LOH,,,
35AKA,,,
35JAC/TAP,,,
35MEY,,,
35MEY/KIE,,,
35MEY/KIE2,,,
35MEY/LOH,,,
35MEY/SCH,,,
36EUL/ADL,,10.1515/bchm2.1936.241.6.239,
36LEH,,,
36MEY/LOH,,,
36MEY/SCH,,,
36VEI,,,
37ADL/SRE,,10.1515/bchm2.1937.249.1.24,
37EUL/ADL,,10.1515/bchm2.1937.247.1-2.65,
37EUL/ADL2,,10.1515/bchm2.1937.249.1.1,
37EUL/ADL3,,10.1515/bchm2.1937.245.5-6.217,
37NEG/WUL,,,
37STU,,10.1021/ja01287a037,
38EUL/ADL,,10.1515/bchm2.1938.254.2.61,
38MEY/SCH,,,
38SCH/HEL,,10.1002/cber.19380710717,
39COH,16747057.0,10.1042/bj0331478,
40COH,,10.1016/S0021-9258(18)73021-4,
40HER/GOR,16747255.0,10.1042/bj0341108,
40KRE/SMY,16747248.0,10.1042/bj0341041,
41UTT/WER,16560478.0,10.1128/jb.42.5.665-676.1941,
41WAR/CHR,,,
42COL/SUT,,10.1016/S0021-9258(18)72525-8,
42LEN/STR,,,
43BAN,,,
43DOU,,10.1016/S0021-9258(18)44907-1,
43KAL,,10.1016/S0021-9258(18)72325-9,
43KRE/EGG,16747647.0,10.1042/bj0370334,
43KUB/OTT,,,
43MEY/JUN,,10.1016/S0021-9258(18)72218-7,
44LIP,,10.1016/S0021-9258(18)43172-9,
45DAR,,10.1111/j.1748-1716.1945.tb00300.x,
45DRA/MEY,,10.1016/S0021-9258(18)51091-7,
45GRE/LEL,21006939.0,10.1016/S0021-9258(17)41491-8,
45OHL,,10.1515/bchm2.1947.282.1-2.37,
46OHL,,10.1515/zna-1946-0108,appears in part 3 and in part 4
46OHL2,,10.1515/zna-1946-0107,appears in part 3
47BUC,,10.1016/0006-3002(47)90143-1,
47KAL,20285041.0,10.1016/S0021-9258(17)30999-7,
47MEY/OES,,10.1016/S0021-9258(17)34929-3,
48KOR,18098602.0,10.1016/S0021-9258(18)57167-2,
48OCH,18914071.0,10.1016/S0021-9258(18)57383-X,
48SCO/POW,18909182.0,10.1021/ja01183a070,
48SOR/DEG,,,
49BAR,18135786.0,10.1016/S0021-9258(18)56670-9,
49HES,18135821.0,10.1016/S0021-9258(18)56708-9,
49MEY/GRE,18116987.0,10.1016/S0021-9258(18)56882-4,
49MEY/OES,18134595.0,10.1016/S0021-9258(18)56800-9,
49SOR/DVO,,,
50COR/VEL,,10.1016/0006-3002(50)90020-5,
50FRI,15428423.0,10.1016/S0021-9258(19)50973-5,
50HES,,10.1016/0006-3002(50)90037-0,
50KOR,,10.1016/S0021-9258(18)56513-3,
50OES/MEY,15419792.0,,
50PAZ,,,
50RAC,15443900.0,10.1016/S0021-9258(19)51151-6,
50SLE,14794671.0,10.1016/S0021-9258(18)56269-4,
51BLA,14858331.0,10.1042/bj0490257,
51BLI,14830226.0,10.1016/0003-9861(51)90206-8,
51FRU/JOH,14841149.0,10.1016/S0021-9258(18)56043-9,
51KOR,,,
51ROW/KOR,14907738.0,10.1016/S0021-9258(18)50905-4,
51THE/BON,,10.3891/acta.chem.scand.05-1105,
51WOO/GUN,14841188.0,10.1016/S0021-9258(18)56082-8,
52ASK,,,
52BAU/GEM,14915545.0,10.1016/s0003-9861(52)80055-4,
52BUR,,10.1016/0006-3002(52)90020-6,
52DOB/FRU,14938363.0,10.1016/S0021-9258(19)50883-3,
52DOB/STU,14938362.0,10.1016/S0021-9258(19)50882-1,
52EGG/HEM,13018181.0,10.1042/bj0520156,
52FIT/DOU,12999827.0,10.1016/S0021-9258(18)44822-3,
52KOR,,,
52LEL/CAR,,,
52MEY/SHA,12997210.0,10.1016/0003-9861(52)90109-4,
52NAR/WOO,14924668.0,10.1016/s0003-9861(52)80026-8,
52NEI,12999850.0,10.1016/S0021-9258(18)44845-4,
52OHL/SHA,14944266.0,10.1016/0003-9861(52)90426-8,
52STA,12980996.0,10.1016/S0021-9258(19)52387-0,
52STE/OCH,12999746.0,10.1016/S0021-9258(18)55585-X,
52STR/KOR,12981017.0,10.1016/S0021-9258(19)52408-5,
53BOC/ALB,,10.1021/ja01104a043,
53BOD,13061507.0,10.1016/S0021-9258(18)66196-4,
53BRI,,10.3891/acta.chem.scand.07-1081,
53BRO,13117866.0,10.1016/S0021-9258(18)66092-2,
53BUR/STA,13061511.0,10.1016/S0021-9258(18)66200-3,
53BUR/WIL,13058837.0,10.1042/bj0540086,
53COH,13044776.0,10.1016/S0021-9258(18)71349-5,
53GRE/BRO,13117926.0,10.1016/S0021-9258(19)77273-1,
53HAR/KOR,13084629.0,10.1016/S0021-9258(19)52329-8,
53HOC/WAT,,10.1021/ja01109a516,
53JON,13107745.0,,
53KAP/COL,13117879.0,10.1016/S0021-9258(19)77226-3,
53KRE,13058835.0,10.1042/bj0540078,
53KRE2,13058836.0,10.1042/bj0540082,
53LYN/OCH,,10.1016/0006-3002(53)90149-8,
53MAH/WAK,13084616.0,10.1016/S0021-9258(18)66153-8,
53MAS,13032036.0,10.1042/bj0530072,
53MEY/SHA,,10.1016/0006-3002(53)90130-9,
53MIT/LAM,13117877.0,10.1016/S0021-9258(18)66103-4,
53NIS/BAR,13117873.0,10.1016/S0021-9258(18)66099-5,
53OLS/ANF,13061508.0,10.1016/S0021-9258(18)66197-6,
53RAT/ANS,13084582.0,10.1016/S0021-9258(18)66119-8,
53SIE/POT,13034773.0,10.1016/S0021-9258(18)38451-5,
53STE/COO,,10.1021/ja01102a540,
53STR,13092953.0,10.1016/0003-9861(53)90176-3,
53STU,,10.1021/ja01104a527,
53TAL/DOB,13129261.0,10.1016/S0021-9258(18)49226-5,
54AXE/JAN,13192139.0,10.1016/S0021-9258(18)65513-9,
54BER/JOK,13211603.0,10.1016/S0021-9258(18)65392-X,
54BOW/KER,13139680.0,10.1016/0003-9861(54)90176-9,
54CHA,13211661.0,10.1016/S0021-9258(18)71215-5,
54GIN,,,
54GIN/STU,,10.1021/ja01637a015,
54GOL,13174544.0,10.1016/S0021-9258(18)65653-4,
54GRE/MII,13130521.0,10.1016/S0021-9258(18)71290-8,
54HAN/CRA,13174537.0,10.1016/S0021-9258(18)65646-7,
54HEL,13143026.0,10.1016/S0021-9258(19)50835-3,
54HOC/WAT,,10.1016/0003-9861(54)90313-6,
54LEV/MEI,13192082.0,10.1016/S0021-9258(18)65554-1,
54LIE/KOR,13163076.0,10.1016/S0021-9258(18)65708-4,
54MAR/WIL,13159289.0,10.1016/0003-9861(54)90211-8,
54MIT/DAV,,10.1016/0006-3002(54)90093-1,
54NOD/KUB,,10.1016/S0021-9258(18)65434-1,
54ROS/GRU,13221579.0,10.1016/S0021-9258(18)71161-7,
54SIS/STA,13211620.0,10.1016/S0021-9258(18)65409-2,
54STA,,,
54STR/HAR,13211662.0,10.1016/S0021-9258(18)71216-7,
54UTT/KUR,13163068.0,10.1016/S0021-9258(18)65700-X,
54WAK/GRE,13163047.0,10.1016/S0021-9258(18)65679-0,
54WIL/BAN,13159356.0,10.1016/0003-9861(54)90072-7,
55BLA/WRI,14353903.0,10.1016/S0021-9258(18)71041-7,
55BLA/WRI2,14353904.0,10.1016/S0021-9258(18)71042-9,
55BLA/WRI3,14353905.0,10.1016/S0021-9258(18)71043-0,
55BUC,,10.1016/0076-6879(55)01068-9,
55BUR,,10.1016/0076-6879(55)01063-X,
55CAR/COH,,10.1021/ja01607a095,
55CAR/LEL,14367373.0,10.1016/S0021-9258(18)70953-8,
55DAV/GIL,,10.1016/S0076-6879(55)02203-9,
55DEC,,,
55DIC/WIL,,10.1038/176400a0,
55GLA/BRO,13252007.0,10.1016/S0021-9258(19)52284-0,
55GRI/WAL,,10.1016/0006-3002(55)90122-0,
55HOR/SMY,14353883.0,10.1016/S0021-9258(18)71020-X,
55KAT,,10.1016/0006-3002(55)90353-X,
55KAU/ALI,13252014.0,10.1016/S0021-9258(19)52291-8,
55KIT/BEN,,10.1515/znb-1955-0704,
55LEH/SIC,,10.1016/0006-3002(55)90368-1,
55LIE/KOR,14392174.0,10.1016/S0021-9258(18)66048-X,
55LIE/KOR2,14392176.0,10.1016/S0021-9258(18)66050-8,
55LYN/WIE,,10.1016/0076-6879(55)01099-9,
55MUN,,10.3891/acta.chem.scand.09-1523,
55POD/STU,13271421.0,10.1016/S0021-9258(18)65925-3,
55SLE,,10.1021/ja01611a074,
55STA,,10.1016/0076-6879(55)01103-8,
55STA/BUR,,10.1016/0076-6879(55)01089-6,
55STU,,10.1021/ja01607a001,
55STU2,,10.1021/ja01611a026,
55THO/GOM,14367287.0,10.1128/jb.69.3.357-362.1955,
55VAR/WEB,16654798.0,10.1104/pp.30.5.393,
55WIL/MCI,13271408.0,10.1016/S0021-9258(19)57195-2,
55WOL/KAP,,10.1016/0076-6879(55)01050-1,
55YAN/GIL,14367339.0,10.1016/S0021-9258(18)98210-4,
55ZEL,13271335.0,10.1016/S0021-9258(19)81413-8,
56ALE/GRE,13331936.0,10.1016/S0021-9258(18)65303-7,
56AME/HOR,13319331.0,10.1016/S0021-9258(18)65337-2,
56BEN/HEM,16589970.0,10.1073/pnas.42.12.896,
56BOW/KER,13363434.0,10.1016/0003-9861(56)90270-3,
56CAR/COH,13366975.0,10.1016/S0021-9258(19)50767-0,
56COW/PIZ,13385236.0,10.1016/S0021-9258(18)65087-2,
56DIC/WIL,13373810.0,10.1042/bj0640567,
56ENG,,,
56FEU/WOL,13354402.0,,
56FOR/GUT,,10.1021/ja01588a024,
56GRE/COH,13319278.0,10.1016/S0021-9258(18)65716-3,
56HAK/GLA,13345810.0,10.1016/S0021-9258(18)65240-8,
56HAU,,10.1021/ja01601a032,
56HUB,,10.1085/jgp.39.6.935,
56HUR/HOR,13385247.0,10.1016/S0021-9258(18)65098-7,
56KAP/CIO,13357478.0,10.1016/S0021-9258(18)65197-X,
56KIT/HOR,,,
56LAR/JAC,13292912.0,10.1016/0003-9861(56)90437-4,
56LEL/CAR,,10.1016/0006-3002(56)90259-1,
56PAL/DOU,13278359.0,10.1016/S0021-9258(18)65915-0,
56POD/MOR,13295245.0,10.1016/S0021-9258(18)65857-0,
56RAB/PRI,,10.1021/ja01597a094,
56RAM/GIR,13314642.0,10.1016/0003-9861(56)90091-1,
56RAT/ROC,13355454.0,10.1016/0003-9861(56)90044-3,
56REI,13319297.0,10.1016/S0021-9258(18)65735-7,
56SMI/STA,,10.1016/0006-3002(56)90493-0,
56STE,13345796.0,10.1016/S0021-9258(18)65226-3,
56STE/COO,13345795.0,10.1016/S0021-9258(18)65225-1,
56STE/DEL,13295248.0,10.1016/S0021-9258(18)65860-0,
56STU/HOR,13295228.0,10.1016/S0021-9258(18)65840-5,
56TAL/MAR,13295222.0,10.1016/S0021-9258(18)65834-X,
56TOM,13278351.0,10.1016/S0021-9258(18)65907-1,
56WOL/KAP,13295236.0,10.1016/S0021-9258(18)65848-X,
57ASH/HIC,13428737.0,10.1016/S0021-9258(18)64805-7,
57BUR/HOR,,10.1016/0006-3002(57)90272-X,
57CAL,13488919.0,10.1042/bj0670651,
57DOU/CON,,,
57DUR/STU,,10.1016/0006-3002(57)90006-9,
57FLA/ERW,13475309.0,10.1016/S0021-9258(18)70703-5,
57GRE/LIP,13502367.0,10.1016/S0021-9258(19)63710-5,
57HOH,13426146.0,,
57HOL/HOL,13522707.0,,
57HOL/TOU,13416220.0,10.1016/S0021-9258(18)64912-9,
57KAR/GRE,13449064.0,10.1016/S0021-9258(18)70806-5,
57MAX,13491567.0,10.1016/S0021-9258(18)70602-9,
57REI,,10.3891/acta.chem.scand.11-0523,
57ROB/BOY,13398392.0,10.1016/S0021-9258(18)65015-X,
57ROB/COO,13416257.0,10.1016/S0021-9258(18)64948-8,
57ROD/TOW,13475367.0,10.1016/S0021-9258(18)70667-4,
57SAN/SEA,,10.1016/0006-3002(57)90179-8,
57SMI/GUN,13491582.0,10.1016/S0021-9258(18)70617-0,
57STE,,10.1016/0006-3002(57)90040-9,
57TAL,,,
57VLA/VLA,13499474.0,,
57VLA/VLA2,13451618.0,10.1038/1791350a0,
57WOL/BAL,,10.1016/S0021-9258(18)70816-8,
58BAC,,10.3891/acta.chem.scand.12-1279,
58BRU/NOL,13596391.0,,
58BUR/HOR,13539036.0,10.1016/S0021-9258(18)70466-3,
58CAB/LEL,13538966.0,10.1016/S0021-9258(19)77303-7,
58FRO,,10.1016/0006-3002(58)90182-3,
58FRO2,13598730.0,10.1016/S0021-9258(19)77337-2,
58HEA/HOR,13539034.0,10.1016/S0021-9258(18)70464-X,
58LAN/ENG,13575417.0,10.1016/S0021-9258(18)64708-8,
58MAL/OCH,13610869.0,10.1016/S0021-9258(18)49368-4,
58MCQ,,,appears in part 2
58NOL/BRU,13596394.0,,
58ROB/LIP,13575437.0,10.1016/S0021-9258(18)64728-3,
58TAB/SRE,13534662.0,10.1016/0003-9861(58)90003-1,
58TUR/TUR,13560389.0,10.1042/bj0690448,
58WIL/BAN,13587526.0,10.1016/S0021-9258(18)64689-7,
58WOL/SIM,13549442.0,10.1016/S0021-9258(18)70419-5,
58YOU/PAC,13534693.0,10.1016/0003-9861(58)90403-x,
59ALE,,,
59ATK/JOH,,10.1038/1841925a0,
59BAR/SMY,13630903.0,10.1016/S0021-9258(18)70297-4,
59BEN/KIT,13628584.0,10.1042/bj0710400,
59BON/PON,,10.1016/0006-291X(59)90066-X,
59CAL/WEB,13806976.0,10.1042/bj0730473,
59CHI/SUG,,10.1080/03758397.1959.10857560,
59DEL/DEF,,10.1016/0006-3002(59)90495-0,
59DEN/ROB,13672942.0,10.1016/S0021-9258(18)69904-1,
59FRI,13825045.0,10.1016/S0021-9258(18)69689-9,
59GOL,,10.1016/0006-3002(59)90555-4,
59HAB/CAN,13641268.0,10.1016/S0021-9258(18)70253-6,
59HOL,14402710.0,10.1515/bchm2.1959.317.1.193,
59ITO/GRI,13630886.0,10.1016/S0021-9258(18)70280-9,
59KIR/TUR,14409347.0,10.1042/bj0720716,
59KIT/HEM,13628583.0,10.1042/bj0710395,
59KRI,13630884.0,10.1016/S0021-9258(18)70278-0,
59MCC/NAJ,,10.1016/S0021-9258(18)69716-9,
59MCQ/UTT,13673030.0,10.1016/S0021-9258(18)69883-7,
59MER/TOM,,10.1016/S0021-9258(18)69780-7,
59MIL/LUK,13672968.0,10.1016/S0021-9258(18)69930-2,
59NOR/FRO,14427582.0,10.1016/S0021-9258(18)69732-7,
59SAN/LAN,13610916.0,10.1016/S0021-9258(18)70359-1,
59SCO/JAK,13654294.0,10.1016/S0021-9258(18)70206-8,
59SHO/PRI,13664648.0,10.1128/jb.77.6.695-700.1959,
59STR/SMI,13672971.0,10.1016/S0021-9258(18)69933-8,
59TAB/WYN,13672973.0,10.1016/S0021-9258(18)69935-1,
59TAL/LEV,,,
59VAG/EAR,13641247.0,10.1016/S0021-9258(18)70232-9,
60AGO/ARA,13681649.0,,
60ASH/WAH,13794771.0,10.1016/S0021-9258(19)76840-9,
60BLA,13801272.0,10.1042/bj0740071,
60COM/ROS,13811398.0,10.1016/S0021-9258(19)76908-7,
60FEI/NEU,13821949.0,10.1016/S0021-9258(18)69449-9,
60GEL/STU,,10.1021/ja01491a053,
60GUP/ROB,13830319.0,10.1016/S0021-9258(19)76849-5,
60ICH/FUR,,10.1093/oxfordjournals.jbchem.a127169,
60ISH,,,
60JON/LIP,16590733.0,10.1073/pnas.46.9.1194,
60KAH/LOW,14408402.0,10.1016/S0021-9258(18)64594-6,
60KAY/OSB,14404999.0,10.1016/S0021-9258(18)69609-7,
60KUR/SUG,14412847.0,10.1016/S0021-9258(18)69456-6,
60LEA/GLA,13759914.0,10.1016/S0021-9258(20)81338-6,
60MAX/ROB,,10.1016/S0021-9258(18)69520-1,
60MEN,13769376.0,10.1016/S0021-9258(18)64469-2,
60NIR/JAK,14427301.0,10.1016/S0021-9258(18)69459-1,
60OCO/HAL,13730045.0,10.1016/0003-9861(60)90503-8,
60PIE/WIA,,10.1016/0006-3002(60)90506-0,
60PRI/HOR,14434864.0,10.1016/S0021-9258(18)69401-3,
60SCH/RAT,13748745.0,10.1016/S0021-9258(18)64515-6,
60VOL,,10.1016/S0021-9258(19)76838-0,
61ALE,13682344.0,10.1128/jb.81.6.903-910.1961,
61ATK/BUR,13684980.0,10.1042/bj0780813,
61ATK/JOH,13684982.0,10.1042/bj0790012,
61BEN/SCH,,10.1016/S0021-9258(18)64053-0,
61BER/BER,,10.1016/S0021-9258(19)63293-X,
61CAN,,,
61DAT/RAC,13719876.0,10.1016/S0021-9258(18)64277-2,
61DOU,,,
61DOU/MER,,,
61GAW/GLA,13897360.0,10.1016/0003-9861(61)90136-9,
61GOT/KOR,13900766.0,10.1042/bj0810273,
61KLE,,,
61KOR/GLA,13753209.0,10.1016/S0021-9258(19)63304-1,
61KRA/VEN,13753903.0,10.1016/S0021-9258(18)64442-4,
61LED,14463407.0,10.1016/S0021-9258(19)76430-8,
61MAH,,,
61PRA,,,
61RAC,,,
61RAC2,,,
61RAW/WAD,,10.1021/ja01476a003,
61SAN/ZIN,13746411.0,10.1016/0003-9861(61)90070-4,
61VEN/RAC,13780711.0,10.1016/S0021-9258(18)64098-0,
61VLA/KOM,13781723.0,,
61WIL/WIL,13785328.0,10.1016/0003-9861(61)90318-6,
61WOO/STJ,13786500.0,10.1073/pnas.47.3.289,
61YAM,14008731.0,10.1016/S0021-9258(19)76425-4,
62AKA/CAM,16561978.0,10.1128/jb.84.6.1194-1201.1962,
62BES,,10.1016/0076-6879(63)06160-7,
62BLA,,10.1016/S0076-6879(62)05320-3,
62BRU/JOU,13874013.0,10.1016/S0021-9258(19)73772-7,
62CHA/VEI,13877918.0,10.1016/S0021-9258(18)60275-3,
62COM/ROS,,10.1016/S0076-6879(62)05246-5,appears in part 6
62DOU/SHU,,,
62DOU2,,10.1016/S0076-6879(62)05234-9,
62DUR/RAW,,10.1016/0006-3002(62)90607-8,
62ESP,,10.1016/S0021-9258(19)84491-5,
62GHA/HEA,13898172.0,10.1016/S0021-9258(19)73768-5,
62GOL/WAG,,10.1016/0006-3002(62)91048-X,
62GRI,,10.1016/S0076-6879(62)05210-6,
62HAL/FEN,13903809.0,10.1016/S0021-9258(19)63410-1,
62HAY/NIS,,10.1016/S0076-6879(62)05297-0,
62HIM/RAB,13907490.0,10.1016/S0021-9258(18)60249-2,
62HOR,,10.1016/S0076-6879(62)05212-X,
62JAK,,10.1016/S0076-6879(62)05311-2,
62KRE/MEL,14459507.0,10.1042/bj0820096,
62MEN,14472566.0,10.1016/S0021-9258(18)81380-1,
62PET,,10.1016/S0076-6879(62)05327-6,
62RAB,,,should this be 62RAZ? appears in part 2
62RAT,,10.1016/S0076-6879(62)05324-0,should this be 62RAB? appears in part 2
62RAV/WOL,14490617.0,10.1021/bi00908a012,
62RAV/WOL2,,10.1021/bi00912a023,
62SEG/BEA,,10.1016/S0021-9258(19)73958-1,
62SHU/DOU,13912428.0,10.1016/S0021-9258(18)93969-4,
62SIL,,10.1016/S0076-6879(62)05314-8,
62TAB,,10.1016/S0076-6879(62)05313-6,appears in part 2
62UEH,,10.1016/S0076-6879(62)05238-6,
62WIL/SNE,14001018.0,10.1016/S0021-9258(18)50139-3,
63ALL/KEL,14012144.0,10.1016/S0021-9258(18)81114-0,
63BEC/LEV,13970089.0,10.1016/S0021-9258(18)81322-9,
63BER/HOL,14087284.0,,
63CHE/RAW,,10.1016/0006-3002(63)91239-3,
63DAY/WIL,,10.1016/0006-3002(63)90519-5,
63DEV/GOU,,10.1016/0926-6550(63)90451-1,
63DOB/DEM,,10.1016/0006-3002(63)90547-X,
63DOM/ZEC,14095156.0,,
63EDM/WRI,14109183.0,10.1016/S0021-9258(19)75304-6,
63EHR/MAR,14109209.0,10.1016/S0021-9258(19)75330-7,
63FLA,,10.1016/0076-6879(63)06157-7,
63FRI/SCH,13963148.0,10.1016/S0021-9258(19)68001-4,
63GRE,,10.1016/0076-6879(63)06194-2,
63HAR/COL,14063286.0,10.1016/S0021-9258(18)67880-9,
63HIN/WOL,14075112.0,10.1021/bi00904a025,
63HUE,13955484.0,10.1021/bi00901a027,
63JEN/CAP,14093907.0,10.1021/bi00906a024,
63KUR/FUK,,10.1016/0006-3002(63)91027-8,
63MAP/ISH,13932735.0,10.1042/bj0860173,
63MAR/BAR,,10.1016/S0021-9258(18)81106-1,
63MAT/HUE,14085400.0,10.1016/S0021-9258(18)48686-3,
63MEI/BUK,14087295.0,,
63MON/WHI,13936004.0,10.1016/S0021-9258(18)81333-3,
63OKA,,10.1093/oxfordjournals.jbchem.a127721,
63QUA,13972708.0,10.1042/bj0870368,
63SCO/DUN,14086726.0,10.1016/S0021-9258(18)51808-1,
63SLY/STA,14063285.0,10.1016/S0021-9258(18)67879-2,
63VIL/LAR,,10.1016/0076-6879(63)06186-3,
64ADA/NOR,14189888.0,10.1016/S0021-9258(18)91347-5,
64ASP/JAK,14154441.0,10.1016/S0021-9258(18)51644-6,
64AVI,14257584.0,10.1016/S0021-9258(18)91180-4,
64BAR/ROO,14245371.0,10.1016/S0021-9258(18)97713-6,
64BOJ/GAU,14102876.0,10.1128/jb.87.1.75-80.1964,
64HEN/CLE,14155095.0,10.1021/bi00891a007,
64IMA/MOR,,10.1093/oxfordjournals.jbchem.a127970,
64KEL/ALL,14235536.0,10.1016/S0021-9258(18)93888-3,
64LOW/PAS,14114860.0,10.1016/S0021-9258(18)51741-5,
64MAI/DEK,14193832.0,10.1016/S0021-9258(18)91340-2,
64MCN/DAM,14247682.0,10.1016/S0021-9258(18)91169-5,
64MEL/WOO,14245410.0,10.1016/S0021-9258(18)97752-5,
64MIL/AVI,,10.1002/ijch.196400064,
64MOO/REI,14245401.0,10.1016/S0021-9258(18)97743-4,
64NOR,,10.1016/0926-6569(64)90103-8,
64PRE/WOO,14245350.0,10.1016/S0021-9258(18)97692-1,
64ROS/RAP,,10.1038/201185a0,
64SAT/TSU,,10.1246/nikkashi1898.67.5_683,
64TAK/SAW,,10.1016/0926-6569(64)90263-9,
64WIL/HOG,14235524.0,10.1016/S0021-9258(18)93876-7,
64ZAN/BAC,14127579.0,10.1128/JB.87.3.614-618.1964,
65AND/ALL,14304839.0,10.1016/S0021-9258(18)97332-1,
65ANN/KOS,,10.1139/o65-208,
65BAH/CAT,14321375.0,10.1016/S0021-9258(18)97227-3,
65BES/HER,14253449.0,10.1016/S0021-9258(18)97668-4,
65BOY/BAR,,10.1021/bi00885a020,
65BUL/HAN,14321365.0,10.1016/S0021-9258(18)97216-9,
65CAN/FOC,14321360.0,10.1016/S0021-9258(18)97211-X,
65CAR/KIR,,10.1016/S0926-6593(65)80047-9,
65CHI/FEI,,10.1016/0006-291X(65)90155-5,
65DAW/DIC,14346088.0,10.1042/bj0940353,
65EIC/CYN,14285233.0,10.1021/bi00877a024,
65GAU/WOL,5854583.0,10.1128/jb.90.6.1531-1536.1965,
65GHO/ROS,14285487.0,10.1016/S0021-9258(18)97467-3,
65GHO/ROS2,14285488.0,10.1016/S0021-9258(18)97468-5,
65ICH/HIR,,10.1271/nogeikagaku1924.39.291,
65KAT/BUC,14275142.0,10.1016/S0021-9258(17)45250-1,
65KAZ/GRO,14256957.0,10.1016/S0021-9258(18)97615-5,
65LEE/DOB,16562063.0,10.1128/jb.90.3.653-660.1965,
65MAR/JEN,4953710.0,10.1016/S0021-9258(18)97177-2,
65MAY/GIN,14299608.0,10.1016/S0021-9258(18)97402-8,
65MOR/JAM,16749122.0,10.1042/bj0970037,
65ONO/HIR,,10.1093/oxfordjournals.jbchem.a128147,
65PIN,,10.1051/jcp/1965620591,
65SEK/SUN,,,
65SHA/CLE,14299613.0,10.1016/S0021-9258(18)97409-0,
65STI/DIA,,,
65STR,14284729.0,10.1016/S0021-9258(18)97564-2,
65TAK/HIR,,10.1093/oxfordjournals.jbchem.a128195,
65TAK/YOS,,10.1093/oxfordjournals.jbchem.a128194,
65TAT/DAT,14348207.0,10.1042/bj0940470,
65TSU/SAT,,10.1271/bbb1961.29.1129,
65UYE/RAB,14285511.0,10.1016/S0021-9258(18)97492-2,
65WAL/SAL,4378782.0,10.1021/bi00882a015,
65YOS,14284712.0,10.1016/S0021-9258(18)97547-2,
65YOS/FRE,,10.1016/0926-6593(65)90009-3,
66ALB/BAS,4287931.0,10.1016/S0021-9258(18)96559-2,
66ALL,4289051.0,10.1016/S0021-9258(18)96427-6,
66AVI/ENG,4379259.0,10.1016/S0021-9258(18)96926-7,
66BER/MOE,5982377.0,,
66CAR/HUL,16742459.0,10.1042/bj1010781,
66CHA/WIL,5924646.0,10.1016/S0021-9258(18)99776-0,
66DED,,10.1016/0076-6879(66)08091-1,
66DOM/ZEC,,10.1016/0076-6879(66)09115-8,
66GIB/MOR,16749179.0,10.1042/bj0990021p,
66GOL/MAR,5901055.0,10.1016/S0021-9258(18)96955-3,
66HAN/ALB,,10.1016/0076-6879(66)08042-X,
66HAN/VER,,10.1016/0076-6879(66)08048-0,
66HOR/HEN,4287985.0,10.1016/S0021-9258(18)96478-1,
66JEN/DAR,5912360.0,10.1016/S0021-9258(18)96541-5,
66KIM/SUZ,5933869.0,10.1016/S0021-9258(18)96808-0,
66MAR/COH,4958913.0,10.1016/S0021-9258(18)99770-X,
66MAR/WAD,5924638.0,10.1016/S0021-9258(18)99761-9,
66MAT,5924649.0,10.1016/S0021-9258(18)99779-6,
66MAT/STR,,10.1016/0076-6879(66)08061-3,
66MUD/KLE,5961285.0,10.1021/bi00869a030,
66MUR/SUG,5941994.0,10.1016/0003-9861(66)90153-6,
66NAT,,10.1271/bbb1961.30.887,
66REI,,10.1016/0076-6879(66)09112-2,
66SCH,,10.1016/0926-6593(66)90039-7,
66SCH/HOR,4381350.0,10.1016/0003-9861(66)90020-8,
66SHU,,10.1016/0076-6879(66)09104-3,
66STA/DEN,,10.1016/0926-6593(66)90144-5,
66THO/NAN,5971743.0,10.1016/0003-9861(66)90126-3,
66TOO/WAK,,10.1016/0005-2760(66)90001-4,
66UHR/MAR,5954807.0,10.1016/S0021-9258(18)96447-1,
66VER/ROD,5946626.0,10.1016/S0021-9258(18)96658-5,
66WIL/WAK,5330116.0,10.1016/S0021-9258(18)96625-1,
66WOO/DAV,4288897.0,10.1016/S0021-9258(18)96399-4,
67BAR,,10.1007/BF00406311,
67DAN/YOS,,10.1271/bbb1961.31.284,
67ENG/DAL,4384597.0,10.1042/bj1050691,
67ENG/DEN,5583983.0,10.1042/bj1050032c,
67EPP/DAW,6016604.0,10.1016/S0021-9258(19)81449-7,
67GRO,6016328.0,10.1016/S0021-9258(18)96331-3,
67HER/JEN,,10.1016/S0021-9258(18)95886-2,
67HIR/GRE,6022873.0,10.1016/S0021-9258(18)96047-3,
67KEP/TOV,5633396.0,10.1016/S0021-9258(18)99355-5,
67LOM/GRE,6033708.0,10.1016/0003-9861(67)90352-9,
67MOR/WHI,6079774.0,10.1111/j.1432-1033.1967.tb19509.x,
67PLO/CLE,6061708.0,10.1016/S0021-9258(18)95802-3,
67POE/GUT,4294746.0,10.1016/0003-9861(67)90140-3,
67ROS/ADA,12325368.0,10.1016/S0021-9258(18)99389-0,
67SAK/YOR,,10.1271/bbb1961.31.525,
67SAK/YOR2,,10.1271/bbb1961.31.533,
67SIL/VOE,4381552.0,10.1016/S0021-9258(18)96185-5,
67SOD/OSU,,10.1271/bbb1961.31.1097,
67TAK,,10.1271/bbb1961.31.309,
67TAK/HIZ,,10.1016/0005-2744(67)90241-0,
67TAK2,,10.1271/bbb1961.31.435,
67TRI/VOG,,10.1016/0005-2744(67)90197-0,
67UYE/RAB,4383631.0,10.1016/S0021-9258(18)99549-9,
67WIL/HIR,,10.1016/0005-2744(67)90139-8,
67WIL/LUN,4291787.0,10.1042/bj1030514,
67WOL,6061417.0,10.1016/S0021-9258(18)99514-1,
67WU/WIT,,10.1021/ja00985a003,
68AUR/KLE,4302217.0,10.1111/j.1432-1033.1968.tb00437.x,
68AVI/ALR,4384672.0,10.1016/S0021-9258(18)93531-3,
68AYL/SNE,5650370.0,10.1021/bi00845a002,
68AYL/SNE2,5650371.0,10.1021/bi00845a003,
68BAD/MIL,5681454.0,10.1021/bi00850a014,
68BEE/DEL,,10.1111/j.1432-1033.1968.tb00453.x,
68BOM/PRA,,10.1016/0005-2728(68)90105-9,
68BRO,,,
68BUR/WAL,,10.1016/0005-2744(68)90028-4,
68DYS/NOL,5647261.0,10.1016/S0021-9258(18)93559-3,
68ERI,,10.1111/j.1365-2621.1968.tb03667.x,
68HAT/SLA,4305612.0,10.1042/bj1060141,
68HAV/HAN,5655435.0,10.1021/bi00845a039,
68JEA/DEM,,10.1139/m68-068,
68KOH,4300866.0,10.1016/S0021-9258(18)93210-2,
68KOH/JAK,4297260.0,10.1016/S0021-9258(18)93399-5,
68KOH/JAK2,4385076.0,10.1016/S0021-9258(18)93401-0,
68LON/DAL,4387224.0,10.1042/bj1100217,
68MAY/AND,5726889.0,10.1016/S0021-9258(18)93144-3,
68MIZ/WEE,5658542.0,10.1016/S0021-9258(19)34190-0,
68NIX/BLA,5687716.0,10.1016/S0021-9258(18)93178-9,
68POT/GLO,5690817.0,10.1016/S0021-9258(18)92023-5,
68REE/MEN,4302788.0,10.1016/S0021-9258(18)91972-1,
68SAL/NOR,,10.1016/0005-2744(68)90116-2,
68SU/RUS,5661709.0,10.1016/S0021-9258(18)92018-1,
68SUG/PIZ,4384871.0,10.1016/S0021-9258(18)93450-2,
68TAN/KAN,5655499.0,10.1111/j.1432-1033.1968.tb00199.x,
68VEE,,,
69ALB,,10.1016/S0021-9258(18)93127-3,
69BAR,,,
69BEN,,,
69BLA,5781279.0,10.1111/j.1432-1033.1969.tb00526.x,
69BLA/FRA,5824560.0,10.1016/S0021-9258(18)94283-3,
69BRE/AAS,,,
69DAH/AND,,10.1016/0006-291X(69)90681-0,
69DOL,4310090.0,10.1016/S0021-9258(18)63657-9,
69FAN/FEI,16657106.0,10.1104/pp.44.4.599,
69GAR/CLE,5793714.0,10.1021/bi00830a026,
69GEO/TRA,,,
69GRE/RUD,4309154.0,10.1016/S0021-9258(18)93695-1,
69KLO,,10.1016/0076-6879(69)13065-7,
69LAN/DEK,4309127.0,10.1021/bi00835a041,
69PAS/LOW,5814030.0,10.1016/S0021-9258(18)91871-5,
69PET/MCK,4306134.0,10.1016/0003-9861(69)90128-3,
69POP,,10.1016/S0076-6879(69)15014-4,
69ROS/HAM,5814934.0,10.1021/bi00833a017,
69SHE/ALE,5773308.0,10.1016/S0021-9258(18)94451-0,
69SMI/MOR,5800442.0,10.1016/S0021-9258(17)36405-0,
69SWI,4306285.0,10.1016/S0021-9258(18)91705-9,
69TSU/FUK,5782905.0,10.1016/S0021-9258(18)91886-7,
69VEE/EGG,4391039.0,10.1042/bj1150609a,
69VEE/RAI,5357024.0,10.1042/bj1150837,
69VIL/DAL,4391041.0,10.1042/bj1150633,
69WAN/BAR,5769987.0,10.1016/S0021-9258(18)83432-9,
69WHI/LEJ,4989322.0,10.1042/bj1130589,
70ALB,5423264.0,10.1021/bi00814a011,
70BAL/DEN,,10.1016/0076-6879(71)17212-6,
70BEN/FRI,5442269.0,10.1016/S0021-9258(18)63142-4,
70BLA,4245368.0,10.1111/j.1432-1033.1970.tb00940.x,
70BRO/KRE,4316090.0,10.1042/bj1170091,
70CHI/ZAP,5438361.0,10.1016/S0021-9258(19)77160-9,
70DEN,,10.1016/0076-6879(71)17195-9,
70FAN/FEI,5483919.0,10.1104/pp.46.4.592,
70GEO/WIT,,10.1016/0005-2728(70)90126-X,
70HER,5470822.0,10.1016/S0021-9258(18)62958-8,
70HEY/ELB,5438047.0,10.1128/jb.101.3.777-780.1970,
70JEN/TAY,,10.1016/0076-6879(71)17285-0,
70KNO/HAN,5427280.0,10.1016/S0021-9258(18)63098-4,
70KOH/WAR,4395378.0,10.1016/S0021-9258(18)62926-6,
70KRI/BUC,5493986.0,10.1111/j.1432-1033.1970.tb01202.x,
70MAN/HOL,4910853.0,10.1073/pnas.65.3.660,
70MAR/COH,,10.1016/0076-6879(71)17186-8,
70NAK/FUJ,,10.1016/0005-2744(70)90054-9,
70NAK/TSU,5498430.0,10.1016/S0021-9258(19)63814-7,
70TSA/HOL,,10.1016/0003-9861(70)90347-4,
70TSU/FRI,4394942.0,10.1016/S0021-9258(18)62643-2,
70VEE/RAI,4315932.0,10.1042/bj1170499,
70WUR/HES,4395302.0,10.1515/bchm2.1970.351.2.1537,
70WUR/SCH,5451283.0,10.1515/bchm2.1970.351.2.961,
71BRI/CAR,5168977.0,10.1021/bi00800a028,
71BRI/CLA,,,
71CHE/ALI,5095956.0,,
71COH/WOL,4944312.0,10.1016/S0021-9258(19)45813-4,
71GLO/POT,,10.1111/j.1471-4159.1971.tb11987.x,
71HAY/GRE,4328843.0,10.1016/S0021-9258(18)61884-8,
71HOR/HUS,5148773.0,,
71JEN/SCH,,10.1021/ja00745a017,
71JOS/WAK,4934182.0,10.1016/0003-9861(71)90234-7,
71KAT,4401291.0,10.1016/s0003-9861(71)80057-7,
71KUN/STA,5574401.0,10.1016/S0021-9258(18)62235-5,
71MCC/CHA,5129727.0,10.1016/S0021-9258(19)45873-0,
71NOJ/TAN,,10.1093/oxfordjournals.jbchem.a129527,
71RAJ/LUM,,10.1021/j100680a006,
71ROB,5570433.0,10.1016/S0021-9258(18)61962-3,
71RUD/JOH,4322715.0,10.1016/S0021-9258(19)76969-5,
71SHI/SUG,5552394.0,10.1111/j.1432-1033.1971.tb01312.x,
71TAK/KUR,4106365.0,10.1016/S0021-9258(18)61885-X,
71TAN/JOH,4945184.0,10.1128/jb.108.3.1107-1111.1971,
71UNK/GOL,5573236.0,10.1016/S0021-9258(18)62300-2,
71WIL/ROC,5580657.0,10.1021/bi00784a017,
71WOH,4398630.0,10.1111/j.1432-1033.1971.tb01503.x,
72BAK/JEN,4344229.0,10.1016/S0021-9258(19)44584-5,
72CAG/FRI,4337852.0,10.1016/S0021-9258(19)45152-1,
72COO/MEI,5059882.0,10.1021/bi00755a001,
72DAH/AND,5016652.0,10.1016/S0021-9258(19)45519-1,
72DEL,4624446.0,10.1016/S0021-9258(19)45108-9,
72DUF/NEL,5019592.0,10.1111/j.1471-4159.1972.tb01417.x,
72FOR/GAU,4335290.0,10.1021/bi00756a026,
72GUS/GAN,5012314.0,10.1016/S0021-9258(19)45571-3,
72KHA/ZHE,4660956.0,,
72KOR/HUR,,10.1016/0005-2744(72)90965-5,
72LEH/TAN,,10.1016/0076-6879(72)28075-2,
72MAR/BEL,4623846.0,10.1016/S0021-9258(19)45234-4,
72NAG/JAE,4403556.0,10.1515/bchm2.1972.353.1.773,
72NEL/KIE,5082943.0,10.1016/0003-2697(72)90451-4,
72ROS/SLA,,10.1016/0005-2728(72)90116-8,
72STU,5061975.0,10.1016/S0021-9258(19)45701-3,
72TAK/ONO,,10.1093/oxfordjournals.jbchem.a129946,
72WOL,,10.1101/SQB.1973.037.01.076,
72WUR/HES,,10.1016/0014-5793(72)80311-9,
73BEE/STE,,,
73DEW/LOW,4697392.0,10.1016/S0021-9258(19)44082-9,
73GUY/GEL,4743509.0,10.1016/S0021-9258(19)43346-2,
73GUY/VEE,4355193.0,10.1016/S0021-9258(19)43347-4,
73HAN/RUD,4270771.0,10.1016/S0021-9258(19)43267-5,
73HAV/PIT,,10.1007/978-1-4615-8897-9_45,
73HER,4745770.0,10.1016/S0021-9258(19)43289-4,
73LAN,,10.1007/978-1-4684-6985-1_70,
73MCC/KOL,,10.1139/o73-069,
73RAD/HOC,,10.1016/0005-2744(73)90065-X,
73ROT/KIS,4201495.0,10.1016/S0021-9258(19)43266-3,
73SHE/GUL,,,
73SOM/COS,4711468.0,10.1021/bi00738a008,
73STU/GER,,10.1021/ja00805a036,
73SUG,4719122.0,10.1021/bi00739a014,
73SUZ/IWA,,10.1093/oxfordjournals.pcp.a074864,
73VEL/GUY,4718747.0,10.1016/S0021-9258(19)43738-1,
73VID/UDE,,10.1016/0005-2744(73)90337-9,
73WUR/HES,4279207.0,10.1515/bchm2.1973.354.1.407,
74BEL/MAR,4212162.0,10.1111/j.1432-1033.1974.tb03659.x,
74BOS/YAM,4826883.0,10.1021/bi00707a008,
74BUR,4156827.0,10.1042/bj1430365,
74CHE/PAT,,10.1016/0020-711X(74)90096-2,
74CLA/BIR,4854821.0,10.1042/bj1390491,
74DAN/CAR,4548670.0,10.1111/j.1432-1033.1974.tb03763.x,
74FER/STR,4219834.0,10.1042/bj1440477,
74FLO/FLE,,10.1016/S0021-9258(19)42596-9,
74FRA/LEE,,,
74GAU/MAI,4150793.0,10.1016/S0021-9258(19)42739-7,
74GUY/VEL,4374936.0,10.1042/bj1400369,
74GUY/WEB,4275341.0,10.1016/S0021-9258(19)42664-1,
74JEB/TY,4373722.0,10.1073/pnas.71.11.4630,
74KEN,4831620.0,,
74KNA/BLA,4615902.0,10.1111/j.1432-1033.1974.tb03894.x,
74KUR/TAK,4846750.0,10.1016/S0021-9258(19)42395-8,
74LAN,,,
74MCG/PHI,4364415.0,10.1016/S0021-9258(19)42648-3,
74MCK,,,
74SCA/SHI,,10.1002/star.19740261202,
74SCH/STU,,,
74TUR/GIL,4436332.0,10.1016/S0021-9258(19)81292-9,
74UEB/BLA,4217278.0,10.1111/j.1432-1033.1974.tb03780.x,
74WON/FRE,4606575.0,10.1021/bi00716a011,
75BOH/SCH,241184.0,,
75BRA/JAR,1117007.0,10.1016/S0021-9258(19)41718-3,
75COH/LYN,,10.1016/0005-2744(75)90324-1,
75DON/BAR,,10.1016/0040-6031(75)80018-9,
75GER/WES,168198.0,10.1016/S0021-9258(19)41278-7,
75GOL,240453.0,10.1016/0301-4622(75)80011-1,
75GOR/ESF,237482.0,10.1016/0003-9861(75)90274-x,
75GRI/CAR,,10.1016/0076-6879(75)42149-8,
75IZU/REE,240851.0,10.1016/S0021-9258(19)40819-3,
75JEN/NYG,235429.0,10.1111/j.1432-1033.1975.tb03925.x,
75JES,1133398.0,10.1021/ja00840a006,
75KAP/BAR,,,
75KRI,,10.1016/S0076-6879(75)41094-1,
75KUR/KON,,,
75MAN/LAN,808172.0,10.1016/0003-9861(75)90324-0,
75MCC/JOV,1092683.0,10.1016/S0021-9258(19)41388-4,
75MCG/JOR,,10.1021/ac60356a048,
75MUR/TSU,,10.1016/0005-2744(75)90040-6,
75PIE/GUY,237900.0,10.1016/S0021-9258(19)41323-9,
75SCH/GRE,170102.0,10.1111/j.1432-1033.1975.tb02227.x,
75SCH/RIF,1191642.0,10.1021/bi00695a020,
75SHI/BEA,169260.0,10.1016/S0021-9258(19)41016-8,
75SUN,241749.0,10.1016/S0021-9258(19)40710-2,
75WYR/GRI,1250.0,10.1111/j.1432-1033.1975.tb02418.x,
76BER/KLY,7996.0,,
76CRA/WAI,182134.0,10.1042/bj1550679,
76FAR/CRY,819440.0,10.1016/S0021-9258(17)33309-4,
76GOL,,10.1016/0301-4622(76)80067-1,
76GRE/BRI,186026.0,10.1042/bj1570591,
76GUY,186456.0,10.1016/S0021-9258(17)32957-5,
76HIL/ATT,10346.0,10.1099/00221287-96-1-185,
76JES,,10.1016/0040-6031(76)80042-1,
76LAW/GUY,,,
76LLO/KHA,,,
76MUR,,10.1093/oxfordjournals.pcp.a075374,
76RAO/BUT,186451.0,10.1016/S0021-9258(17)32930-7,
76RUS/MUL,12947.0,10.1111/j.1432-1033.1976.tb11021.x,
76SCH/KRI,,10.1016/0005-2744(76)90051-6,
76SPR/LIM,1276393.0,10.1002/bit.260180504,
76TRI/PAR,1259718.0,10.1042/bj1530089,
76WEI/KIR,949971.0,10.1111/j.1432-1033.1976.tb10350.x,
77ANN/WAL,,10.1016/0006-291X(77)91392-4,
77ANT/GIN,36553.0,,
77APP/NAI,201249.0,10.1042/bj1670087,
77GRI/LOC,,10.1016/S0003-2670(01)93665-7,
77LAN/GAR,,10.1002/aic.690230102,
77REH/JAN,,10.1093/clinchem/23.2.195,
77SCH/CLE,836801.0,10.1021/bi00623a001,
77SCH/TAT,836793.0,10.1021/bi00622a011,
77SRA/FRE,18103.0,10.1016/0003-9861(77)90496-9,
77TRA/JON,925000.0,10.1016/S0021-9258(19)75229-6,
77VEE/KRU,,10.1515/9783110853704-023,
78CHR/MAT,30336.0,10.1016/0003-2697(78)90745-5,
78ERB/BUR,28770.0,10.1016/0005-2744(78)90198-5,
78INF/KIN,,10.1016/0005-2744(78)90135-3,
78LYN/GUY,204656.0,10.1016/S0021-9258(17)40856-8,
78MCG/BRO,,10.1016/0005-2760(78)90010-3,
78MEE/AKE,639798.0,10.1111/j.1432-1033.1978.tb12183.x,
78OKA/GEN,,10.5458/jag1972.25.113,
78RAO/COH,203583.0,10.1016/S0021-9258(17)38123-1,
78ROS/DUB,213437.0,10.1016/S0021-9258(17)34332-6,
78SUB,623877.0,10.1016/0301-4622(78)85013-3,
79BYE/SHE,375973.0,10.1021/bi00579a006,
79COR/CRO,,,
79COR/LEA,447732.0,10.1016/S0021-9258(18)50399-9,
79FLE/TAT,,10.1007/BF01732029,
79GRI/TAN,,10.1016/S0003-2670(01)93222-2,
79KIM/PET,475389.0,10.1016/0003-9861(79)90327-8,
79LAB/DEB,231463.0,10.1016/S0300-9084(80)80264-1,
79LAW/VEE,36398.0,10.1016/S0021-9258(18)50400-2,
79MCK/TAV,,10.1016/0304-5102(79)85019-1,
79PIR/LIL,527937.0,10.1515/bchm2.1979.360.2.1693,
79RAO/KAY,429312.0,10.1016/S0021-9258(17)30127-8,
79REK/EGO,,,
79SCH/HIN,500017.0,10.1515/bchm2.1979.360.2.1497,
79VAN,33191.0,10.1002/jcp.1040980106,
79VAN/DEB,376783.0,10.1111/j.1471-4159.1979.tb02290.x,
79VIC/GRE,218950.0,10.1016/S0021-9258(17)30121-7,
80BEY/ROE,,10.1002/bit.260220313,
80CAM/SGA,6778396.0,10.1016/0003-9861(80)90098-3,
80CHE/HED,7437498.0,10.1016/0301-4622(80)80041-x,
80COO/BLA,7000186.0,10.1021/bi00562a023,
80ELM/HAS,6243283.0,10.1016/S0021-9258(19)86229-4,
80FUK/OBO,6987227.0,10.1016/S0021-9258(19)85794-0,
80GER/GUT,,10.1021/ja00525a033,
80JAF/COH,6988421.0,10.1016/S0021-9258(19)85684-3,
80LER/COH,6997302.0,10.1016/S0021-9258(18)43565-X,
80PET/AMI,,10.1016/0305-0491(80)90077-2,
80REK/EGO,,,
80SLI/BOL,,10.1021/ja00540a025,
80SVE/GAL,,,
80SVE/MAR,,10.1016/0141-0229(80)90070-8,
80TER/RAB,7388069.0,,
81GON/CHE,16345717.0,10.1128/aem.41.2.430-436.1981,
81GRI/CLE,6794611.0,10.1021/bi00523a002,
81HIN/POL,6272654.0,10.1016/0003-9861(81)90344-1,
81HIR,16661650.0,10.1104/pp.67.2.221,
81HSI/SU,,,
81KIS/NIE,7030216.0,10.1016/0003-9861(81)90496-3,
81MER/MCA,7198894.0,10.1016/0003-9861(81)90416-1,
81PAH/JAG,,10.1016/S0044-328X(81)80048-7,
81RAM/PIC,,10.1139/m81-164,
81RAO/COH,7462219.0,10.1016/S0021-9258(19)69866-2,
81SUG/VEI,7197134.0,,
82BAR/HEB,,10.1016/0076-6879(82)83045-0,
82DEM,,10.1111/j.1749-6632.1982.tb25773.x,
82GAL/SVE,,10.1016/0167-4838(82)90242-4,
82GUY,6293382.0,10.1016/0003-9861(82)90315-0,
82GUY/THA,6284052.0,10.1016/0003-9861(82)90110-2,
82HSI/CHI,,10.1016/0141-0229(82)90006-0,
82NG/WON,7076619.0,10.1128/JB.150.3.1252-1258.1982,
82RED,,,
82REH/YOU,,10.1093/clinchem/28.11.2235,
82SAL/GIA,,10.1007/BF01959737,
82SAL/JOR,6812503.0,10.1016/0003-9861(82)90487-8,
82SUE/KAT,,10.1016/0304-4165(82)90178-7,
83BRA,,,
83CRA/BOS,,10.1016/0003-9861(83)90213-8,
83HAA/KAR,18551488.0,10.1002/bit.260250715,
83HON/HAR,,10.1093/oxfordjournals.pcp.a076514,
83KAT/SUE,6370350.0,,
83KHO/KAR,,,
83MIL/RYC,6852021.0,10.1111/j.1432-1033.1983.tb07443.x,
83PIL/HAN,6885800.0,10.1016/S0021-9258(17)44524-8,
83SEL/MAN,6863314.0,10.1016/S0021-9258(18)32137-9,
83TIL,,,
83VIT/HUA,6357095.0,10.1016/0003-9861(83)90339-9,
83WED/BLA,16663114.0,10.1104/pp.72.4.1021,
83YAM/SAI,6822536.0,10.1016/S0021-9258(18)33062-X,
84ADA/UED,18551697.0,10.1002/bit.260260203,
84BER/COO,6091737.0,10.1021/bi00313a014,
84BLA/COC,6433972.0,10.1021/bi00306a009,
84DEM,,10.1016/S0021-9258(20)82109-7,
84DEY,,10.1016/S0031-9422(00)85013-X,
84DIT/KUB,,10.1139/m84-214,
84DIT/KUB2,,10.1111/j.1574-6968.1984.tb01455.x,
84KOL/EGG,6489933.0,10.1515/bchm2.1984.365.2.847,
84LLO/CHA,,,
84OYA/IRI,,,
84PAU,,,
84PUZ/GOR,,,
84RAG/LJU,6608524.0,10.1016/S0021-9258(17)43122-X,
84REK/RUM,,10.1016/0040-6031(84)85121-7,
84REK/RUM2,,,
84TEW/GOL,,10.1007/BF00647222,
84UCH/TSU,6389524.0,10.1093/oxfordjournals.jbchem.a134863,
84WAS/DAU,6391537.0,10.1021/bi00317a015,
85ANS/PRI,,10.1042/bst0130362,
85BAD/WAL,3921052.0,10.1021/bi00327a010,
85BAR,16664543.0,10.1104/pp.79.4.1127,
85COO/PRA,3966792.0,10.1016/0003-9861(85)90602-2,
85DAS/BRO,4092075.0,10.1016/0301-4622(85)80068-5,
85DEM/BEH,3004566.0,10.1021/bi00347a042,
85FAG/DEW,3158649.0,10.1016/S0021-9258(18)88949-9,
85GAJ/GOL,4052575.0,10.1016/0301-4622(85)80042-9,
85GEU/MAY,3841060.0,10.1111/j.1432-1033.1985.tb09305.x,
85HEA/CHU,4066712.0,10.1016/S0021-9258(17)36245-2,
85HER/AIY,4052045.0,10.1042/bj2300043,
85LEE/OSU,2997186.0,10.1016/S0021-9258(17)38662-3,
85LIE,,,
85MAK/KIE,,10.1002/star.19850370706,
85REK/SLO,,10.1016/0040-6031(85)85203-5,
85SRI/FIS,3994979.0,10.1021/bi00324a012,
85TEW/GOL,,10.1007/BF02824308,
85TEW/GOL2,3931718.0,10.1016/0301-4622(85)80043-0,
85TEW/STE,17007786.0,10.1016/0301-4622(85)80041-7,
85VAN/SCH,2864395.0,10.1111/j.1471-4159.1985.tb07214.x,
85WIE/HIN,3933423.0,10.1016/0003-9861(85)90228-0,
86CAS/VEE,3826613.0,10.1016/0003-2697(86)90338-6,
86CAS/VEE2,3079759.0,10.1016/S0021-9258(17)36148-3,
86DAL/REN,,10.1016/0003-2697(86)90642-1,
86DEW/EMI,3741845.0,10.1021/bi00362a022,
86GAJ/STE,3528161.0,10.1016/S0021-9258(18)67153-4,
86GOL/GAJ,17007794.0,10.1016/0301-4622(86)85054-2,
86GRA/ELL,,10.1016/0167-4889(86)90050-9,
86HUB/HUR,3083779.0,10.1016/0003-9861(86)90487-x,
86KIM/LEE,,,
86KON/POL,,10.1515/zna-1986-1203,
86KUP/FER,,10.1016/0167-4838(86)90316-X,
86MEI/GAD,,10.1007/BF00694264,
86MEY/BRO,,10.1152/ajpcell.1986.250.2.C264,
86NAK/KIM,3792308.0,10.1111/j.1432-1033.1986.tb10476.x,
86OLI/TOI,18555380.0,10.1002/bit.260280508,
86POL/MEN,,,
86PRU/TEN,,10.1016/0167-4838(86)90245-1,
86RAG/CAR,3091600.0,10.1016/S0021-9258(18)67242-4,
86REK/SKY,,10.1016/0165-022X(86)90113-2,
86ROH/ETT,3769932.0,10.1111/j.1432-1033.1986.tb09975.x,
86TEW/GOL,17007802.0,10.1016/0301-4622(86)85034-7,
87ANT,,,
87BED/TES,3429208.0,,
87BUC/MIL,2883006.0,10.1111/j.1432-1033.1987.tb11164.x,
87FIE/JOH,3307916.0,10.1021/bi00387a052,
87HSU/WED,3322196.0,10.1016/0003-9861(87)90498-X,
87KUC/MIZ,3327522.0,10.1021/bi00399a057,
87MIL/EST,3597405.0,10.1016/S0021-9258(18)48039-8,
87MOS/FRE,3117791.0,10.1016/S0021-9258(18)48103-3,
87OWU/TRE,,10.1016/0040-6031(87)88028-0,
87RAO/HAR,2958459.0,10.1016/S0021-9258(18)47906-9,
87REK/EGO,,10.1016/0040-6031(87)88272-2,
87TAV/LEE,,10.1016/0167-4838(87)90136-1,
87TEW/GAJ,,10.1021/j100288a028,
87WOL/REI,,10.1016/S0006-3495(88)82934-5,
88BED/HAD,3384815.0,10.1016/S0021-9258(19)81556-9,
88BEL/BAE,2848810.0,10.1016/S0021-9258(18)37367-8,
88GAU,2844813.0,10.1016/S0021-9258(19)37602-1,
88GUI/SNE,3076441.0,,
88LIM/RAI,3365378.0,10.1021/bi00404a013,
88MAC/FEW,3291854.0,10.1042/bj2500743,
88TEW/GOL,2839246.0,10.1016/0301-4622(88)85045-2,
88TEW/STE,3346215.0,10.1016/S0021-9258(18)68976-8,
88TEW/STE2,3346216.0,10.1016/S0021-9258(18)68977-X,
89AIR,,10.3891/acta.chem.scand.43-0386,
89BER/MUD,,10.1016/0165-022X(89)90073-0,
89ELD/DEG,,10.1002/mrm.1910110111,
89ELL,2543728.0,10.1242/jeb.143.1.177,
89GOL/TEW,2498341.0,10.1016/S0021-9258(18)81743-4,
89GOL/TEW2,2722882.0,10.1016/S0021-9258(18)81744-6,
89HAG/ROS,2537492.0,10.1073/pnas.86.4.1224,
89IMA,,10.1093/oxfordjournals.jbchem.a122954,
89JEE/SHI,,,
89JOH/HED,,10.1016/0141-0229(89)90018-5,
89JUN/JUN,2663076.0,10.1016/0005-2760(89)90232-4,
89LEH/SIN,2494984.0,10.1042/bj2570355,
89LOP/COH,,10.1016/0167-4838(89)90291-4,
89REK/SIK,,,
89RIZ/HAR,,10.1016/0922-338X(89)90081-0,
89ROM/DEM,2722769.0,10.1016/S0021-9258(18)83123-4,
89SAN/SIN,,10.1007/BF02703521,
89SCH/GIF,2789134.0,10.1111/j.1432-1033.1989.tb14984.x,
89TEW/GOL,2492994.0,10.1016/S0021-9258(19)84947-5,
90BHA/VIN,2271660.0,10.1021/bi00498a009,
90KWI/HUA,2157478.0,10.1021/bi00453a019,
90LIU,,,
90LIU/QUI,2139795.0,10.1021/bi00458a012,
90LUN/APR,2140258.0,10.1042/bj2670739,
90OCO/BUT,,10.1016/0304-5102(90)85274-L,
90SAN/SIN,2341161.0,,
91AND/KAT,,10.1021/ja00008a073,
91GOL/BEL,1873473.0,10.1016/0301-4622(91)85030-t,
91HOR/UEH,,10.1271/bbb1961.55.1071,
91HOR/WAT,,10.3109/10242429109000693,
91KLE/RAN,,10.1093/jxb/42.4.537,
91KNI/SEM,1645186.0,10.1021/bi00234a019,
91KRA/GYG,,10.1002/anie.199108271,
91LIU/FRO,1646815.0,10.1016/S0021-9258(18)99024-1,
91MOR/FRE,1653014.0,10.1021/bi00098a030,
91PAR/HOR,1939115.0,10.1016/S0021-9258(18)54759-1,
91SCH/GIF,,10.1016/0141-0229(91)90153-2,
91SEM/CLE,1827991.0,10.1021/bi00234a020,
91SRI/NAM,1873475.0,10.1016/0301-4622(91)85032-l,
91TEW/GOL,1873472.0,10.1016/0301-4622(91)85029-p,
91WOH/DIE,,10.1007/BF00243458,
92BLA/GUI,,10.1002/bit.260400913,
92DEM/ATT,,10.1016/S0232-4393(11)80392-6,
92ELL/SRI,1540130.0,10.1042/bj2820155,
92IBO/OBO,,10.3109/10242429209003660,
92KAH/SCH,1527498.0,10.1099/00221287-138-6-1277,
92KEL/SCH,1318300.0,10.1016/S0021-9258(19)49761-5,
92KER/KER,,10.1016/0167-4838(92)90131-V,
92KIM/KIN,,10.1152/ajpendo.1992.262.3.E344,
92KIT/SAS,,10.1271/bbb.56.652,
92KRA,,,
92LEE/HAN,,,
92LOR/TRA,,10.1016/B978-0-444-89046-7.50076-X,
92QAM/YOO,1327136.0,10.1021/bi00156a018,
92REK/TIS,,,
92TEA/DOB,1629208.0,10.1016/S0021-9258(19)49682-8,
92WAN/CHE,1633258.0,10.1016/0301-4622(92)80041-3,
92WED/LEY,8444866.0,10.1016/S0021-9258(18)53478-5,
92WED/LEY1,1547269.0,10.1016/0167-4838(92)90209-V,
92XIA/XUE,,,
93AND/BUL,8366124.0,10.1016/S0021-9258(19)36592-5,
93BES/REB,8503876.0,10.1042/bj2920425,
93BLI/MAR,,10.1016/0141-0229(93)90173-Y,
93BOH/HUT,,10.1016/0040-6031(93)85092-N,
93GOL/TEW,,10.1063/1.555939,
93HUT/BOH,,10.1016/0040-6031(93)80327-7,
93JAN/PAD,18613144.0,10.1002/bit.260420806,
93LAR/TEW,,10.1006/jcht.1993.1009,
93MOC/STR,,10.1016/S0031-9422(00)95139-2,
93SHI/CHE,8381432.0,10.1016/S0021-9258(18)53720-0,
93TEW/KIS,,10.1006/jcht.1993.1028,
93VIN/GRU,7503993.0,10.1016/S0021-9258(19)74485-8,
93WER/TWE,16349034.0,10.1128/aem.59.9.2823-2829.1993,
93WER/TWE2,8223624.0,10.1111/j.1432-1033.1993.tb18332.x,
93WIL/TOO,,10.1021/jo00065a010,
94CHI/KIR,,10.1016/0167-4838(94)90006-X,
94KIS/TEW,8155816.0,10.1016/0301-4622(93)e0067-f,
94LEU/COO,8117730.0,10.1021/bi00175a040,
94NOE/COL,,10.1016/S0885-5765(05)80059-1,
94REK/SCH,,10.1021/j100066a032,
94TEW/GOL,,10.1007/BF00973544,
95BIS/KRA,,10.1002/9783527619429.ch4,
95CHE/ARM,,10.1021/tx00046a012,
95GOL/TEW,,10.1063/1.555969,
95HUT/BOH,,10.1016/0040-6031(94)01957-I,
95JUS/KOT,,10.1016/0040-6031(95)90714-9,
95KAM/JUR,,10.1007/BF00301478,
95KOZ/TOM,,10.1021/ja00113a002,
95LEE/WAL,,10.1021/ja00133a006,
95LIA/WAN,,,
95LIA/WAN2,,10.1016/0040-6031(95)02513-8,
95LIU/ZEN,,10.1016/0040-6031(94)02080-8,
95PEL/MAC,7548019.0,10.1021/bi00039a025,
95SCH/TRA,7827041.0,10.1021/bi00003a016,
95TEW/SCH,,10.1021/j100005a034,
95WIS/KUS,7759484.0,10.1074/jbc.270.21.12428,
96ARA/RUZ,8639492.0,10.1021/bi952983w,
96HIR/MAY,,10.5650/jos1996.45.761,
96KIM/DUN,8605214.0,10.1021/bi952944k,
96LI/ZHA,8910414.0,10.1074/jbc.271.45.28038,
96LIA/WAN,,,
96OES/SCH,,10.1016/S0168-9452(96)04475-5,
96PRO/GRO,,10.1111/j.1399-3054.1996.tb06681.x,
96TEW/GOL,,10.1006/jcht.1996.0099,
96TEW/SCH,,10.1006/jcht.1996.0016,
97CHA,9326504.0,10.1242/jeb.200.21.2789,
97CON/DEL,,10.1016/S0141-0229(97)00021-5,
97DEJ/ROC,,10.1007/BF01007697,
97HAN/KLE,,10.1016/S0167-4838(96)00161-6,
97KAS/TEW,,10.1021/jp972501l,
97LIA/WU,,10.1016/S0040-6031(97)00363-8,
97PES/PRI,,10.1002/(SICI)1097-0290(19971005)56:1<9::AID-BIT2>3.0.CO,
97SAL/GOD,,10.1021/bp9700869,
97STA/SUA,9319107.0,10.1242/jeb.200.8.1247,
97TEW/GOL,,10.1016/S0008-6215(97)00073-6,
97XU/EAD,9132023.0,10.1021/bi9616007,
97YOR/ISH,,10.1093/oxfordjournals.jbchem.a021786,
98CON/BOR,,10.1007/s004490050406,
98CON/DEL,,10.1007/s004490050406,
98DIE/STR,,10.1016/S1381-1177(98)00044-7,
98DIE/STR2,,10.3109/10242429809003622,
98KIM/VOE,9506987.0,10.1074/jbc.273.12.6844,
98KIS/TEW,9700925.0,10.1016/s0301-4622(98)00151-3,
98KIS/TEW2,,10.1006/jcht.1998.0404,
98LAE/EIS,9738901.0,10.1046/j.1432-1327.1998.2550618.x,
98LIA/QU,,10.1007/BF02883019,
98LIA/WAN,,10.1016/S0040-6031(98)00464-X,
98LOV/LAU,9799130.0,10.1046/j.1432-1327.1998.2570286.x,
98TEW,,10.1021/je980021x,
98TEW/CHE,,10.1021/jp982754u,
98TEW/KIS,,10.1006/jcht.1998.0342,
98THO/JOR,9466792.0,10.1006/abio.1997.2490,
98URB/BRA,9922170.0,10.1021/bi981819g,
99BAS/MAR,10637769.0,10.1080/152165499306630,
99BRA/FIS,10358012.0,10.1074/jbc.274.24.16727,
99ELS,,,
99GRA/NID,10455186.0,10.1074/jbc.274.35.25069,
99HUT/OEH,,10.1016/S0040-6031(98)00547-4,
99KAT/UED,10521704.0,10.1016/S1388-1981(99)00124-9,
99KIS/HOL,,10.1006/jcht.1998.0444,
99KIS/TEW,,10.1006/jcht.1999.0496,
99MUN/LOP,10027985.0,10.1046/j.1365-2958.1999.01211.x,
99NIE/SCH,,10.3109/10242429909040115,
99SAK/UTS,10087174.0,10.1006/abbi.1999.1121,
99TEA/DOB,10428820.0,10.1074/jbc.274.32.22459,
99TEW/SCH,,10.1021/je980299p,
