max_err	n_rxn	name	q	flag	confidence	detail	smiles	rxns
74.6	41	ATP	-3	phosphate_proton	lo	P-OH protonated; check pH-7 microspecies	Nc1ncnc2c1ncn2[C@@H]1O[C@H](COP(=O)([O-])OP(=O)([O-])OP(=O)([O-])O)[C@@H](O)[C@H]1O	rxn00062,rxn00065,rxn00077,rxn00097,rxn00100,rxn00105,rxn00117,rxn00147,rxn00148,rxn00151,rxn00172,rxn00175,rxn00187,rxn00216,rxn00225,rxn00237,rxn00239,rxn00250,rxn00257,rxn00285,rxn00337,rxn00364,rxn00379,rxn00396,rxn00515,rxn00545,rxn00674,rxn00690,rxn00695,rxn00770,rxn01016,rxn01100,rxn01219,rxn01371,rxn01434,rxn01509,rxn01513,rxn02322,rxn02685,rxn04785,rxn51768
74.6	34	ADP	-2	phosphate_proton	lo	P-OH protonated; check pH-7 microspecies	Nc1ncnc2c1ncn2[C@@H]1O[C@H](COP(=O)(O)OP(=O)([O-])[O-])[C@@H](O)[C@H]1O	rxn00062,rxn00077,rxn00097,rxn00100,rxn00117,rxn00148,rxn00172,rxn00187,rxn00216,rxn00225,rxn00237,rxn00239,rxn00250,rxn00257,rxn00285,rxn00337,rxn00364,rxn00396,rxn00515,rxn00545,rxn00690,rxn01016,rxn01100,rxn01219,rxn01371,rxn01509,rxn01513,rxn02322,rxn02685,rxn04785,rxn08066,rxn12158,rxn14104,rxn51768
74.6	44	Phosphate	-2	phosphate_proton	lo	P-OH protonated; check pH-7 microspecies	O=P([O-])([O-])O	rxn00001,rxn00062,rxn00132,rxn00147,rxn00151,rxn00172,rxn00173,rxn00187,rxn00220,rxn00250,rxn00257,rxn00285,rxn00306,rxn00420,rxn00421,rxn00549,rxn00551,rxn00577,rxn00690,rxn00698,rxn00699,rxn00781,rxn00831,rxn00838,rxn01018,rxn01019,rxn01022,rxn01099,rxn01138,rxn01358,rxn01366,rxn01491,rxn01548,rxn01643,rxn01646,rxn01985,rxn04684,rxn05026,rxn08430,rxn08948,rxn11139,rxn12158,rxn12188,rxn51768
62.3	27	PPi	-3	phosphate_proton	lo	P-OH protonated; check pH-7 microspecies	O=P([O-])([O-])OP(=O)([O-])O	rxn00001,rxn00065,rxn00105,rxn00139,rxn00151,rxn00175,rxn00213,rxn00293,rxn00379,rxn00421,rxn00514,rxn00551,rxn00641,rxn00674,rxn00695,rxn00700,rxn00702,rxn00836,rxn00915,rxn01005,rxn01265,rxn01362,rxn01380,rxn01434,rxn01479,rxn01675,rxn02305
56.7	1	Indolelactate	-1	undefined_stereo_C	med	1 undefined C stereocentre(s)	O=C([O-])C(O)Cc1c[nH]c2ccccc12	rxn01447
55.7	2	L-Argininosuccinate	-1	undefined_stereo_C	med	1 undefined C stereocentre(s)	[NH2+]=C(NCCC[C@H]([NH3+])C(=O)[O-])NC(CC(=O)[O-])C(=O)[O-]	rxn00802,rxn01434
53.8	2	D-Glucosamine phosphate	-1	undefined_stereo_C	hi	1 undefined C stereocentre(s); 1 anomeric	[NH3+][C@H]1C(O)O[C@H](COP(=O)([O-])[O-])[C@@H](O)[C@@H]1O	rxn00552,rxn01485
44.4	10	Glyceraldehyde3-phosphate	-2	free_aldehyde	med	free R-CHO; may be gem-diol hydrate in water	O=C[C@H](O)COP(=O)([O-])[O-]	rxn00747,rxn00781,rxn00783,rxn00784,rxn00785,rxn00786,rxn01200,rxn01333,rxn01682,rxn03884
44.4	10	Glyceraldehyde3-phosphate	-2	tautomer_skeleton	lo	rdkit-dominant tautomer differs: O=C(CO)COP(=O)([O-])[O-]	O=C[C@H](O)COP(=O)([O-])[O-]	rxn00747,rxn00781,rxn00783,rxn00784,rxn00785,rxn00786,rxn01200,rxn01333,rxn01682,rxn03884
41.2	6	PRPP	-4	phosphate_proton	lo	P-OH protonated; check pH-7 microspecies	O=P([O-])([O-])OC[C@H]1O[C@H](OP(=O)([O-])OP(=O)([O-])O)[C@H](O)[C@@H]1O	rxn00139,rxn00770,rxn00836,rxn00915,rxn01265,rxn01362
36.2	2	Guanine	+0	tautomer_skeleton	lo	rdkit-dominant tautomer differs: Nc1nc(=O)c2[nH]cnc2[nH]1	Nc1nc2[nH]cnc2c(=O)[nH]1	rxn00915,rxn01548
36.2	2	GMP	-2	tautomer_skeleton	lo	rdkit-dominant tautomer differs: Nc1nc(=O)c2ncn(C3OC(COP(=O)([O-])[O-])C(O)C3O)c2[nH]1	Nc1nc2c(ncn2[C@@H]2O[C@H](COP(=O)([O-])[O-])[C@@H](O)[C@H]2O)c(=O)[nH]1	rxn00239,rxn00915
35.8	14	D-Glucose	+0	undefined_stereo_C	hi	1 undefined C stereocentre(s); 1 anomeric	OC[C@H]1OC(O)[C@H](O)[C@@H](O)[C@@H]1O	rxn00007,rxn00022,rxn00216,rxn00217,rxn00220,rxn00223,rxn00698,rxn00699,rxn00816,rxn00817,rxn01259,rxn04945,rxn05026,rxn11139
35.1	5	D-fructose-1,6-bisphosphate	-4	undefined_stereo_C	hi	1 undefined C stereocentre(s); 1 anomeric	O=P([O-])([O-])OC[C@H]1OC(O)(COP(=O)([O-])[O-])[C@@H](O)[C@@H]1O	rxn00545,rxn00549,rxn00551,rxn00786,rxn01491
35.0	1	Tetrahydroxypteridine	-1	tautomer_skeleton	lo	rdkit-dominant tautomer differs: O=c1[nH]c(=O)c2[nH]c(=O)c(=O)[n-]c2[nH]1	O=c1[n-]c2nc(O)nc(O)c2[nH]c1=O	rxn02902
35.0	1	Xanthine-8-carboxylate	-1	tautomer_skeleton	lo	rdkit-dominant tautomer differs: O=C([O-])c1nc2[nH]c(=O)[nH]c(=O)c2[nH]1	O=C([O-])c1nc2[nH]c(O)nc(O)c-2n1	rxn02902
34.8	1	Muconolactone	-1	undefined_stereo_C	med	1 undefined C stereocentre(s)	O=C([O-])CC1C=CC(=O)O1	rxn02782
34.6	12	D-fructose-6-phosphate	-2	undefined_stereo_C	hi	1 undefined C stereocentre(s); 1 anomeric	O=P([O-])([O-])OC[C@H]1OC(O)(CO)[C@@H](O)[C@@H]1O	rxn00545,rxn00546,rxn00549,rxn00551,rxn00552,rxn00558,rxn00559,rxn00785,rxn01333,rxn03644,rxn03886,rxn08430
33.3	7	D-glucose-6-phosphate	-2	undefined_stereo_C	hi	1 undefined C stereocentre(s); 1 anomeric	O=P([O-])([O-])OC[C@H]1OC(O)[C@H](O)[C@@H](O)[C@@H]1O	rxn00216,rxn00220,rxn00558,rxn00603,rxn00604,rxn00605,rxn00704
31.4	3	D-Glyceraldehyde	+0	free_aldehyde	med	free R-CHO; may be gem-diol hydrate in water	O=C[C@H](O)CO	rxn00765,rxn01870,rxn15750
31.4	3	D-Glyceraldehyde	+0	tautomer_skeleton	lo	rdkit-dominant tautomer differs: O=C(CO)CO	O=C[C@H](O)CO	rxn00765,rxn01870,rxn15750
29.5	7	GTP	-3	phosphate_proton	lo	P-OH protonated; check pH-7 microspecies	Nc1nc2c(ncn2[C@@H]2O[C@H](COP(=O)([O-])OP(=O)([O-])OP(=O)([O-])O)[C@@H](O)[C@H]2O)c(=O)[nH]1	rxn00237,rxn00302,rxn00306,rxn00641,rxn00700,rxn00838,rxn08066
29.5	5	GDP	-2	phosphate_proton	lo	P-OH protonated; check pH-7 microspecies	Nc1nc2c(ncn2[C@@H]2O[C@H](COP(=O)([O-])OP(=O)([O-])O)[C@@H](O)[C@H]2O)c(=O)[nH]1	rxn00237,rxn00239,rxn00306,rxn00838,rxn08066
29.5	5	GDP	-2	tautomer_skeleton	lo	rdkit-dominant tautomer differs: Nc1nc(=O)c2ncn(C3OC(COP(=O)([O-])OP(=O)([O-])O)C(O)C3O)c2[nH]1	Nc1nc2c(ncn2[C@@H]2O[C@H](COP(=O)([O-])OP(=O)([O-])O)[C@@H](O)[C@H]2O)c(=O)[nH]1	rxn00237,rxn00239,rxn00306,rxn00838,rxn08066
29.1	11	D-Fructose	+0	undefined_stereo_C	hi	1 undefined C stereocentre(s); 1 anomeric	OC[C@H]1OC(O)(CO)[C@@H](O)[C@@H]1O	rxn00223,rxn00577,rxn00579,rxn00629,rxn00630,rxn00631,rxn00634,rxn00636,rxn08430,rxn12188,rxn14104
29.1	1	Glycolaldehyde	+0	free_aldehyde	med	free R-CHO; may be gem-diol hydrate in water	O=CCO	rxn01306
28.2	1	3-Phosphonopyruvate	-2	phosphate_proton	lo	P-OH protonated; check pH-7 microspecies	O=C([O-])C(=O)CP(=O)([O-])O	rxn00462
27.8	3	H2CO3	-1	carboxyl_neutral	med	-COOH protonated; pH-7 dominant is -COO-	O=C([O-])O	rxn00250,rxn45677,rxn51768
27.0	1	FADH2	-2	undefined_stereo_C	med	1 undefined C stereocentre(s)	Cc1cc2c(cc1C)N(C[C@H](O)[C@H](O)[C@H](O)COP(=O)([O-])OP(=O)([O-])OC[C@H]1O[C@@H](n3cnc4c(N)ncnc43)[C@H](O)[C@@H]1O)C1=NC(=O)NC(=O)C1N2	rxn00909
24.9	1	Dihydroxyfumarate	-2	undefined_stereo_C	med	1 undefined C stereocentre(s)	O=C([O-])C(=O)C(O)C(=O)[O-]	rxn01846
24.9	4	UDP	-2	phosphate_proton	lo	P-OH protonated; check pH-7 microspecies	O=c1ccn([C@@H]2O[C@H](COP(=O)([O-])OP(=O)([O-])O)[C@@H](O)[C@H]2O)c(=O)[nH]1	rxn00117,rxn00579,rxn00605,rxn01713
24.2	4	Acetaldehyde	+0	free_aldehyde	med	free R-CHO; may be gem-diol hydrate in water	CC=O	rxn00171,rxn00541,rxn00543,rxn00784
23.1	7	Glyoxalate	-1	free_aldehyde	med	free R-CHO; may be gem-diol hydrate in water	O=CC(=O)[O-]	rxn00276,rxn00326,rxn00328,rxn00331,rxn00336,rxn00512,rxn00562
22.5	1	Methylmalonyl-CoA	-5	undefined_stereo_C	med	1 undefined C stereocentre(s)	CC(C(=O)[O-])C(=O)SCCNC(=O)CCNC(=O)[C@H](O)C(C)(C)COP(=O)([O-])OP(=O)([O-])OC[C@H]1O[C@@H](n2cnc3c(N)ncnc32)[C@H](O)[C@@H]1OP(=O)([O-])[O-]	rxn51768
22.4	3	Isocitrate	-3	undefined_stereo_C	med	2 undefined C stereocentre(s)	O=C([O-])CC(C(=O)[O-])C(O)C(=O)[O-]	rxn00336,rxn00973,rxn01388
22.4	3	4-Oxobutanoate	-1	free_aldehyde	med	free R-CHO; may be gem-diol hydrate in water	O=CCCC(=O)[O-]	rxn01201,rxn01204,rxn16141
22.2	1	5-Dehydro-D-fructose	+0	tautomer_skeleton	lo	rdkit-dominant tautomer differs: O=C(C(=O)C(O)CO)C(O)CO	O=C(CO)[C@@H](O)[C@H](O)C(=O)CO	rxn00631
22.1	1	7,8-Dihydrobiopterin	+0	tautomer_skeleton	lo	rdkit-dominant tautomer differs: CC(=O)C(O)C1CNc2[nH]c(N)nc(=O)c2N1	C[C@H](O)[C@H](O)C1=Nc2c(nc(N)[nH]c2=O)NC1	rxn02132
22.1	1	Sepiapterin	+0	tautomer_skeleton	lo	rdkit-dominant tautomer differs: CC(O)C(O)c1cnc2[nH]c(N)nc(=O)c2n1	C[C@H](O)C(=O)C1=Nc2c(nc(N)[nH]c2=O)NC1	rxn02132
21.7	1	Formamidopyrimidine nucleoside triphosphate	-3	phosphate_proton	lo	P-OH protonated; check pH-7 microspecies	Nc1nc(=O)c(NC=O)c(N[C@@H]2O[C@H](COP(=O)([O-])OP(=O)([O-])OP(=O)([O-])O)[C@@H](O)[C@H]2O)[nH]1	rxn00302
21.3	2	ITP	-3	phosphate_proton	lo	P-OH protonated; check pH-7 microspecies	O=c1[nH]cnc2c1ncn2[C@@H]1O[C@H](COP(=O)([O-])OP(=O)(O)OP(=O)([O-])[O-])[C@@H](O)[C@H]1O	rxn00514,rxn00515
20.7	1	4-Imidazolone-5-propanoate	-1	undefined_stereo_C	med	1 undefined C stereocentre(s)	O=C([O-])CCC1N=CNC1=O	rxn02085
20.7	1	4-Imidazolone-5-propanoate	-1	tautomer_skeleton	lo	rdkit-dominant tautomer differs: O=C([O-])CCc1[nH]cnc1O	O=C([O-])CCC1N=CNC1=O	rxn02085
19.5	4	D-Ribulose	+0	undefined_stereo_C	hi	1 undefined C stereocentre(s); 1 anomeric	OCC1(O)OC[C@@H](O)[C@H]1O	rxn00798,rxn01152,rxn01383,rxn04932
19.4	2	N-Acetyl-D-glucosamine 6-phosphate	-2	undefined_stereo_C	hi	1 undefined C stereocentre(s); 1 anomeric	CC(=O)N[C@H]1C(O)O[C@H](COP(=O)([O-])[O-])[C@@H](O)[C@@H]1O	rxn01505,rxn01506
19.4	1	N-Acetylmannosamine 6-phosphate	-2	undefined_stereo_C	hi	1 undefined C stereocentre(s); 1 anomeric	CC(=O)N[C@@H]1C(O)O[C@H](COP(=O)([O-])[O-])[C@@H](O)[C@@H]1O	rxn01506
19.0	4	D-Ribulose5-phosphate	-2	tautomer_skeleton	lo	rdkit-dominant tautomer differs: O=C(C(O)CO)C(O)COP(=O)([O-])[O-]	O=C(CO)[C@H](O)[C@H](O)COP(=O)([O-])[O-]	rxn00777,rxn01116,rxn01117,rxn03643
19.0	1	D-Arabinose5-phosphate	-2	free_aldehyde	med	free R-CHO; may be gem-diol hydrate in water	O=C[C@@H](O)[C@H](O)[C@H](O)COP(=O)([O-])[O-]	rxn01117
19.0	1	D-Arabinose5-phosphate	-2	tautomer_skeleton	lo	rdkit-dominant tautomer differs: O=C(C(O)CO)C(O)COP(=O)([O-])[O-]	O=C[C@@H](O)[C@H](O)[C@H](O)COP(=O)([O-])[O-]	rxn01117
18.2	2	2,3-Dimethylmalate	-2	undefined_stereo_C	med	1 undefined C stereocentre(s)	C[C@H](C(=O)[O-])C(C)(O)C(=O)[O-]	rxn00987,rxn02202
17.7	3	D-fructose-1-phosphate	-2	undefined_stereo_C	hi	1 undefined C stereocentre(s); 1 anomeric	O=P([O-])([O-])OCC1(O)O[C@H](CO)[C@@H](O)[C@@H]1O	rxn01491,rxn01870,rxn12188
16.8	4	D-Xylulose5-phosphate	-2	tautomer_skeleton	lo	rdkit-dominant tautomer differs: O=C(C(O)CO)C(O)COP(=O)([O-])[O-]	O=C(CO)[C@@H](O)[C@H](O)COP(=O)([O-])[O-]	rxn00785,rxn01116,rxn01200,rxn04082
16.8	5	ribose-5-phosphate	-2	undefined_stereo_C	hi	1 undefined C stereocentre(s); 1 anomeric	O=P([O-])([O-])OC[C@H]1OC(O)[C@H](O)[C@@H]1O	rxn00131,rxn00770,rxn00777,rxn00778,rxn01200
16.8	2	Sedoheptulose7-phosphate	-2	tautomer_skeleton	lo	rdkit-dominant tautomer differs: O=C(C(O)C(O)CO)C(O)C(O)COP(=O)([O-])[O-]	O=C(CO)[C@@H](O)[C@H](O)[C@H](O)[C@H](O)COP(=O)([O-])[O-]	rxn01200,rxn01333
16.6	1	CDP	-2	phosphate_proton	lo	P-OH protonated; check pH-7 microspecies	Nc1ccn([C@@H]2O[C@H](COP(=O)([O-])OP(=O)([O-])O)[C@@H](O)[C@H]2O)c(=O)n1	rxn00364
16.0	1	UDP-galactose	-2	undefined_stereo_C	hi	1 undefined C stereocentre(s); 1 anomeric	O=c1ccn([C@@H]2O[C@H](COP(=O)([O-])OP(=O)([O-])OC3O[C@H](CO)[C@H](O)[C@H](O)[C@H]3O)[C@@H](O)[C@H]2O)c(=O)[nH]1	rxn00214
15.4	3	D-mannose-6-phosphate	-2	undefined_stereo_C	hi	1 undefined C stereocentre(s); 1 anomeric	O=P([O-])([O-])OC[C@H]1OC(O)[C@@H](O)[C@@H](O)[C@@H]1O	rxn00559,rxn01329,rxn08948
15.4	2	D-Mannose	+0	undefined_stereo_C	hi	1 undefined C stereocentre(s); 1 anomeric	OC[C@H]1OC(O)[C@@H](O)[C@@H](O)[C@@H]1O	rxn00636,rxn08948
15.2	1	D-Galacturonate	-1	undefined_stereo_C	hi	1 undefined C stereocentre(s); 1 anomeric	O=C([O-])[C@H]1OC(O)[C@H](O)[C@@H](O)[C@H]1O	rxn01457
15.2	1	D-Tagaturonate	-1	tautomer_skeleton	lo	rdkit-dominant tautomer differs: O=C([O-])C(=O)C(O)C(O)C(O)CO	O=C([O-])[C@@H](O)[C@H](O)[C@H](O)C(=O)CO	rxn01457
14.8	1	D-Tagatose	+0	undefined_stereo_C	hi	1 undefined C stereocentre(s); 1 anomeric	OCC1(O)OC[C@@H](O)[C@H](O)[C@@H]1O	rxn02095
13.3	1	Glucuronate	-1	undefined_stereo_C	hi	1 undefined C stereocentre(s); 1 anomeric	O=C([O-])[C@H]1OC(O)[C@H](O)[C@@H](O)[C@@H]1O	rxn01080
13.3	1	D-Fructuronate	-1	undefined_stereo_C	hi	1 undefined C stereocentre(s); 1 anomeric	O=C([O-])[C@H]1OC(O)(CO)[C@@H](O)[C@@H]1O	rxn01080
13.3	1	Oxaloglycolate	-2	undefined_stereo_C	med	1 undefined C stereocentre(s)	O=C([O-])C(=O)C(O)C(=O)[O-]	rxn01847
13.3	3	L-Aspartate4-semialdehyde	+0	free_aldehyde	med	free R-CHO; may be gem-diol hydrate in water	[NH3+][C@@H](CC=O)C(=O)[O-]	rxn01301,rxn01302,rxn01643
13.2	2	Ureidoglycolate	-1	tautomer_skeleton	lo	rdkit-dominant tautomer differs: NC(=O)NC(=O)C([O-])O	NC(=O)N[C@@H](O)C(=O)[O-]	rxn00562,rxn01746
13.0	1	L-Fuculose1-phosphate	-2	tautomer_skeleton	lo	rdkit-dominant tautomer differs: CC(=O)C(O)C(O)C(O)COP(=O)([O-])[O-]	C[C@H](O)[C@@H](O)[C@@H](O)C(=O)COP(=O)([O-])[O-]	rxn01620
13.0	3	L-Lactaldehyde	+0	free_aldehyde	med	free R-CHO; may be gem-diol hydrate in water	C[C@H](O)C=O	rxn01617,rxn01620,rxn01621
13.0	3	L-Lactaldehyde	+0	tautomer_skeleton	lo	rdkit-dominant tautomer differs: CC(=O)CO	C[C@H](O)C=O	rxn01617,rxn01620,rxn01621
12.9	3	D-Ribose	+0	undefined_stereo_C	hi	1 undefined C stereocentre(s); 1 anomeric	OC[C@H]1OC(O)[C@H](O)[C@@H]1O	rxn00798,rxn00927,rxn01299
12.6	1	2-Oxopropanal	+0	free_aldehyde	med	free R-CHO; may be gem-diol hydrate in water	CC(=O)C=O	rxn01834
12.5	2	3-Dehydroshikimate	-1	tautomer_skeleton	lo	rdkit-dominant tautomer differs: O=C([O-])C1CC(=O)C(O)C(=O)C1	O=C([O-])C1=CC(=O)[C@@H](O)[C@H](O)C1	rxn01740,rxn02213
12.5	2	5-Dehydroquinate	-1	tautomer_skeleton	lo	rdkit-dominant tautomer differs: O=C1C(O)CC(O)(C(=O)[O-])CC1O	O=C1C[C@@](O)(C(=O)[O-])C[C@@H](O)[C@@H]1O	rxn01363,rxn02213
12.3	1	L-ribulose-5-phosphate	-2	tautomer_skeleton	lo	rdkit-dominant tautomer differs: O=C(C(O)CO)C(O)COP(=O)([O-])[O-]	O=C(CO)[C@@H](O)[C@@H](O)COP(=O)([O-])[O-]	rxn04082
12.0	1	deoxyribose-5-phosphate	-2	undefined_stereo_C	hi	1 undefined C stereocentre(s); 1 anomeric	O=P([O-])([O-])OC[C@H]1OC(O)C[C@@H]1O	rxn00784
11.8	1	D-Erythrose	+0	free_aldehyde	med	free R-CHO; may be gem-diol hydrate in water	O=C[C@H](O)[C@H](O)CO	rxn53440
11.8	1	D-Erythrose	+0	tautomer_skeleton	lo	rdkit-dominant tautomer differs: O=C(CO)C(O)CO	O=C[C@H](O)[C@H](O)CO	rxn53440
11.8	1	3-Hydroxyisobutyrate	-1	undefined_stereo_C	med	1 undefined C stereocentre(s)	CC(CO)C(=O)[O-]	rxn01480
11.8	1	3-Oxo-2-methylpropanoate	-1	free_aldehyde	med	free R-CHO; may be gem-diol hydrate in water	CC(C=O)C(=O)[O-]	rxn01480
11.8	1	3-Oxo-2-methylpropanoate	-1	undefined_stereo_C	med	1 undefined C stereocentre(s)	CC(C=O)C(=O)[O-]	rxn01480
11.7	1	4-Amino-2-methyl-5-diphosphomethylpyrimidine	-2	phosphate_proton	lo	P-OH protonated; check pH-7 microspecies	Cc1ncc(COP(=O)([O-])OP(=O)([O-])O)c(N)n1	rxn02305
11.4	1	1,2-Propanediol	+0	undefined_stereo_C	med	1 undefined C stereocentre(s)	CC(O)CO	rxn01617
11.3	1	L-Rhamnose	+0	undefined_stereo_C	hi	1 undefined C stereocentre(s); 1 anomeric	C[C@@H]1OC(O)[C@H](O)[C@H](O)[C@H]1O	rxn01761
11.3	1	L-Rhamnulose	+0	tautomer_skeleton	lo	rdkit-dominant tautomer differs: CC(=O)C(O)C(O)C(O)CO	C[C@H](O)[C@H](O)[C@@H](O)C(=O)CO	rxn01761
11.0	1	4-Hydroxy-2-oxoglutarate	-2	undefined_stereo_C	med	1 undefined C stereocentre(s)	O=C([O-])C(=O)CC(O)C(=O)[O-]	rxn00328
10.3	4	UTP	-3	phosphate_proton	lo	P-OH protonated; check pH-7 microspecies	O=c1ccn([C@@H]2O[C@H](COP(=O)([O-])OP(=O)(O)OP(=O)([O-])[O-])[C@@H](O)[C@H]2O)c(=O)[nH]1	rxn00117,rxn00213,rxn00293,rxn01005
10.0	1	3-(3,5-Diiodo-4-hydroxyphenyl)lactate	-1	undefined_stereo_C	med	1 undefined C stereocentre(s)	O=C([O-])C(O)Cc1cc(I)c(O)c(I)c1	rxn02459
9.8	1	L-Fucose	+0	undefined_stereo_C	hi	1 undefined C stereocentre(s); 1 anomeric	C[C@@H]1OC(O)[C@@H](O)[C@H](O)[C@@H]1O	rxn02263
9.8	1	L-Fuculose	+0	tautomer_skeleton	lo	rdkit-dominant tautomer differs: CC(=O)C(O)C(O)C(O)CO	C[C@H](O)[C@@H](O)[C@@H](O)C(=O)CO	rxn02263
9.4	1	6-Hydroxycyclohex-1-enecarbonyl-CoA	-4	undefined_stereo_C	hi	1 undefined C stereocentre(s); 1 anomeric	CC(C)(COP(=O)([O-])OP(=O)([O-])OC[C@H]1O[C@@H](n2cnc3c(N)ncnc32)[C@H](O)[C@@H]1OP(=O)([O-])[O-])[C@@H](O)C(=O)NCCC(=O)NCCSC(=O)C1=CCCCC1O	rxn03876
9.1	2	Retinal	+0	free_aldehyde	med	free R-CHO; may be gem-diol hydrate in water	CC1=C(/C=C/C(C)=C/C=C/C(C)=C/C=O)C(C)(C)CCC1	rxn01530,rxn01532
9.1	1	11-cis-Retinal	+0	free_aldehyde	med	free R-CHO; may be gem-diol hydrate in water	CC1=C(/C=C/C(C)=C/C=C\C(C)=C\C=O)C(C)(C)CCC1	rxn01532
9.0	1	UDP-N-acetyl-D-galactosamine	-2	undefined_stereo_C	hi	1 undefined C stereocentre(s); 1 anomeric	CC(=O)N[C@H]1C(OP(=O)([O-])OP(=O)([O-])OC[C@H]2O[C@@H](n3ccc(=O)[nH]c3=O)[C@H](O)[C@@H]2O)O[C@H](CO)[C@H](O)[C@@H]1O	rxn00295
8.7	2	D-Erythrose4-phosphate	-2	free_aldehyde	med	free R-CHO; may be gem-diol hydrate in water	O=C[C@H](O)[C@H](O)COP(=O)([O-])[O-]	rxn00785,rxn01333
8.7	2	D-Erythrose4-phosphate	-2	tautomer_skeleton	lo	rdkit-dominant tautomer differs: O=C(CO)C(O)COP(=O)([O-])[O-]	O=C[C@H](O)[C@H](O)COP(=O)([O-])[O-]	rxn00785,rxn01333
8.4	1	D-Altrose	+0	undefined_stereo_C	hi	1 undefined C stereocentre(s); 1 anomeric	OC[C@H]1OC(O)[C@@H](O)[C@H](O)[C@@H]1O	rxn44278
8.4	1	D-Psicose	+0	undefined_stereo_C	hi	1 undefined C stereocentre(s); 1 anomeric	OCC1(O)OC[C@@H](O)[C@@H](O)[C@H]1O	rxn44278
8.2	1	Ferulaldehyde	+0	free_aldehyde	med	free R-CHO; may be gem-diol hydrate in water	COc1cc(/C=C/C=O)ccc1O	rxn01887
8.1	1	L-Sorbose	+0	undefined_stereo_C	hi	1 undefined C stereocentre(s); 1 anomeric	OCC1(O)OC[C@H](O)[C@@H](O)[C@@H]1O	rxn04943
8.1	2	3-Oxopropanoate	-1	free_aldehyde	med	free R-CHO; may be gem-diol hydrate in water	O=CCC(=O)[O-]	rxn00656,rxn01174
7.9	1	L-Arabinose	+0	undefined_stereo_C	hi	1 undefined C stereocentre(s); 1 anomeric	OC1OC[C@H](O)[C@H](O)[C@H]1O	rxn01292
7.9	1	L-Ribulose	+0	undefined_stereo_C	hi	1 undefined C stereocentre(s); 1 anomeric	OCC1(O)OC[C@H](O)[C@@H]1O	rxn01292
7.6	1	D-Arabinose	+0	undefined_stereo_C	hi	1 undefined C stereocentre(s); 1 anomeric	OC1OC[C@@H](O)[C@@H](O)[C@@H]1O	rxn01152
7.5	2	Pyridoxal	+0	free_aldehyde	med	free R-CHO; may be gem-diol hydrate in water	Cc1ncc(CO)c(C=O)c1O	rxn01249,rxn01253
7.4	3	Galactose	+0	undefined_stereo_C	hi	1 undefined C stereocentre(s); 1 anomeric	OC[C@H]1OC(O)[C@H](O)[C@@H](O)[C@H]1O	rxn00810,rxn00816,rxn00817
7.4	1	LACT	+0	undefined_stereo_C	hi	1 undefined C stereocentre(s); 1 anomeric	OC[C@H]1O[C@@H](O[C@H]2[C@H](O)[C@@H](O)C(O)O[C@@H]2CO)[C@H](O)[C@@H](O)[C@H]1O	rxn00816
7.4	1	Guanosine	+0	tautomer_skeleton	lo	rdkit-dominant tautomer differs: Nc1nc(=O)c2ncn(C3OC(CO)C(O)C3O)c2[nH]1	Nc1nc2c(ncn2[C@@H]2O[C@H](CO)[C@@H](O)[C@H]2O)c(=O)[nH]1	rxn01548
6.5	1	L-Lyxulose	+0	undefined_stereo_C	hi	1 undefined C stereocentre(s); 1 anomeric	OCC1(O)OC[C@H](O)[C@H]1O	rxn01392
6.5	1	3-Hydroxybenzaldehyde	+0	free_aldehyde	med	free R-CHO; may be gem-diol hydrate in water	O=Cc1cccc(O)c1	rxn02887
6.2	1	dCDP	-2	phosphate_proton	lo	P-OH protonated; check pH-7 microspecies	Nc1ccn([C@H]2C[C@H](O)[C@@H](COP(=O)([O-])OP(=O)([O-])O)O2)c(=O)n1	rxn01219
6.0	1	Melibiose	+0	undefined_stereo_C	hi	1 undefined C stereocentre(s); 1 anomeric	OC[C@H]1O[C@H](OC[C@H]2OC(O)[C@H](O)[C@@H](O)[C@@H]2O)[C@H](O)[C@@H](O)[C@H]1O	rxn00817
5.5	1	dATP	-3	phosphate_proton	lo	P-OH protonated; check pH-7 microspecies	Nc1ncnc2c1ncn2[C@H]1C[C@H](O)[C@@H](COP(=O)([O-])OP(=O)([O-])OP(=O)([O-])O)O1	rxn10427
5.5	1	dADP	-2	phosphate_proton	lo	P-OH protonated; check pH-7 microspecies	Nc1ncnc2c1ncn2[C@H]1C[C@H](O)[C@@H](COP(=O)(O)OP(=O)([O-])[O-])O1	rxn10427
5.4	1	Testosterone	+0	tautomer_skeleton	lo	rdkit-dominant tautomer differs: CC12CCC(=O)CC1=CCC1C2CCC2(C)C(O)CCC12	C[C@]12CC[C@H]3[C@@H](CCC4=CC(=O)CC[C@@]43C)[C@@H]1CC[C@@H]2O	rxn01336
5.4	2	Maltose	+0	undefined_stereo_C	hi	1 undefined C stereocentre(s); 1 anomeric	OC[C@H]1O[C@H](O[C@H]2[C@H](O)[C@@H](O)C(O)O[C@@H]2CO)[C@H](O)[C@@H](O)[C@@H]1O	rxn00022,rxn11139
5.0	3	D-Lyxulose	+0	undefined_stereo_C	hi	1 undefined C stereocentre(s); 1 anomeric	OCC1(O)OC[C@@H](O)[C@@H]1O	rxn01044,rxn01385,rxn01386
4.2	1	Erythrulose 1-phosphate	-2	tautomer_skeleton	lo	rdkit-dominant tautomer differs: O=C(CO)C(O)COP(=O)([O-])[O-]	O=C(COP(=O)([O-])[O-])[C@@H](O)CO	rxn00746
4.2	1	IDP	-2	phosphate_proton	lo	P-OH protonated; check pH-7 microspecies	O=c1[nH]cnc2c1ncn2[C@@H]1O[C@H](COP(=O)([O-])OP(=O)([O-])O)[C@@H](O)[C@H]1O	rxn00515
4.2	3	CTP	-3	phosphate_proton	lo	P-OH protonated; check pH-7 microspecies	Nc1ccn([C@@H]2O[C@H](COP(=O)([O-])OP(=O)([O-])OP(=O)([O-])O)[C@@H](O)[C@H]2O)c(=O)n1	rxn00702,rxn01380,rxn01479
3.9	1	D-Lyxose	+0	undefined_stereo_C	hi	1 undefined C stereocentre(s); 1 anomeric	OC1OC[C@@H](O)[C@H](O)[C@@H]1O	rxn01386
3.9	1	Neu5Ac	-1	undefined_stereo_C	hi	1 undefined C stereocentre(s); 1 anomeric	CC(=O)N[C@H]1[C@H]([C@H](O)[C@H](O)CO)OC(O)(C(=O)[O-])C[C@@H]1O	rxn01322
3.9	2	N-Acetyl-D-mannosamine	+0	undefined_stereo_C	hi	1 undefined C stereocentre(s); 1 anomeric	CC(=O)N[C@@H]1C(O)O[C@H](CO)[C@@H](O)[C@@H]1O	rxn00897,rxn01322
3.5	1	Isopentenyldiphosphate	-2	phosphate_proton	lo	P-OH protonated; check pH-7 microspecies	C=C(C)CCOP(=O)([O-])OP(=O)([O-])O	rxn00830
3.5	1	DMAPP	-2	phosphate_proton	lo	P-OH protonated; check pH-7 microspecies	CC(C)=CCOP(=O)([O-])OP(=O)([O-])O	rxn00830
2.9	2	Methylitaconate	-2	undefined_stereo_C	med	1 undefined C stereocentre(s)	C=C(C(=O)[O-])C(C)C(=O)[O-]	rxn02204,rxn02756
2.9	1	Brachiose	+0	undefined_stereo_C	hi	1 undefined C stereocentre(s); 1 anomeric	OC[C@H]1O[C@H](OC[C@H]2OC(O)[C@H](O)[C@@H](O)[C@@H]2O)[C@H](O)[C@@H](O)[C@@H]1O	rxn01259
2.8	1	2-Methylserine	+0	undefined_stereo_C	med	1 undefined C stereocentre(s)	CC([NH3+])(CO)C(=O)[O-]	rxn00911
2.7	1	Laminariaceae	+0	undefined_stereo_C	hi	1 undefined C stereocentre(s); 1 anomeric	OC[C@H]1O[C@@H](O[C@H]2[C@H](O)[C@@H](CO)OC(O)[C@@H]2O)[C@H](O)[C@@H](O)[C@@H]1O	rxn00699
2.6	1	5-diphosphomevalonate	-3	phosphate_proton	lo	P-OH protonated; check pH-7 microspecies	C[C@@](O)(CCOP(=O)([O-])OP(=O)([O-])O)CC(=O)[O-]	rxn02322
2.5	2	N-Acetyl-D-glucosamine1-phosphate	-2	undefined_stereo_C	hi	1 undefined C stereocentre(s); 1 anomeric	CC(=O)N[C@@H]1C(OP(=O)([O-])[O-])O[C@H](CO)[C@@H](O)[C@@H]1O	rxn00293,rxn01505
2.3	2	Xylose	+0	undefined_stereo_C	hi	1 undefined C stereocentre(s); 1 anomeric	OC1OC[C@@H](O)[C@H](O)[C@H]1O	rxn01043,rxn01044
1.7	1	CELB	+0	undefined_stereo_C	hi	1 undefined C stereocentre(s); 1 anomeric	OC[C@H]1O[C@@H](O[C@H]2[C@H](O)[C@@H](O)C(O)O[C@@H]2CO)[C@H](O)[C@@H](O)[C@@H]1O	rxn00698
1.3	1	3-Dehydro-L-threonate	-1	tautomer_skeleton	lo	rdkit-dominant tautomer differs: O=C([O-])C(=O)C(O)CO	O=C([O-])[C@H](O)C(=O)CO	rxn02651
1.2	1	3-Hexenal	+0	free_aldehyde	med	free R-CHO; may be gem-diol hydrate in water	CC/C=C\CC=O	rxn19090
1.2	1	L-5-Carboxymethylhydantoin	-1	tautomer_skeleton	lo	rdkit-dominant tautomer differs: O=C([O-])Cc1[nH]c(=O)[nH]c1O	O=C([O-])C[C@@H]1NC(=O)NC1=O	rxn01638
1.0	1	Butanal	+0	free_aldehyde	med	free R-CHO; may be gem-diol hydrate in water	CCCC=O	rxn02527
1.0	1	TTP	-3	phosphate_proton	lo	P-OH protonated; check pH-7 microspecies	Cc1cn([C@H]2C[C@H](O)[C@@H](COP(=O)([O-])OP(=O)([O-])OP(=O)([O-])O)O2)c(=O)[nH]c1=O	rxn01675
1.0	1	2,5-diketo-D-gluconate	-1	tautomer_skeleton	lo	rdkit-dominant tautomer differs: O=C(C(=O)C(O)C(=O)[O-])C(O)CO	O=C([O-])C(=O)[C@@H](O)[C@H](O)C(=O)CO	rxn14063
1.0	1	N-Acetyl-D-glucosamine	+0	undefined_stereo_C	hi	1 undefined C stereocentre(s); 1 anomeric	CC(=O)N[C@H]1C(O)O[C@H](CO)[C@@H](O)[C@@H]1O	rxn00897
0.7	1	dGMP	-2	tautomer_skeleton	lo	rdkit-dominant tautomer differs: Nc1nc(=O)c2ncn(C3CC(O)C(COP(=O)([O-])[O-])O3)c2[nH]1	Nc1nc2c(ncn2[C@H]2C[C@H](O)[C@@H](COP(=O)([O-])[O-])O2)c(=O)[nH]1	rxn01509
0.7	1	dGDP	-2	phosphate_proton	lo	P-OH protonated; check pH-7 microspecies	Nc1nc2c(ncn2[C@H]2C[C@H](O)[C@@H](COP(=O)([O-])OP(=O)([O-])O)O2)c(=O)[nH]1	rxn01509
0.7	1	dGDP	-2	tautomer_skeleton	lo	rdkit-dominant tautomer differs: Nc1nc(=O)c2ncn(C3CC(O)C(COP(=O)([O-])OP(=O)([O-])O)O3)c2[nH]1	Nc1nc2c(ncn2[C@H]2C[C@H](O)[C@@H](COP(=O)([O-])OP(=O)([O-])O)O2)c(=O)[nH]1	rxn01509
0.6	1	Alanopine	-1	undefined_stereo_C	med	2 undefined C stereocentre(s)	CC([NH2+]C(C)C(=O)[O-])C(=O)[O-]	rxn00280
0.4	1	dTDP	-2	phosphate_proton	lo	P-OH protonated; check pH-7 microspecies	Cc1cn([C@H]2C[C@H](O)[C@@H](COP(=O)([O-])OP(=O)([O-])O)O2)c(=O)[nH]c1=O	rxn01513
0.3	1	L-Rhamnulose 1-phosphate	-2	tautomer_skeleton	lo	rdkit-dominant tautomer differs: CC(=O)C(O)C(O)C(O)COP(=O)([O-])[O-]	C[C@H](O)[C@H](O)[C@@H](O)C(=O)COP(=O)([O-])[O-]	rxn01621
0.2	1	Tartronate semialdehyde	-1	free_aldehyde	med	free R-CHO; may be gem-diol hydrate in water	O=CC(O)C(=O)[O-]	rxn01280
0.2	1	Tartronate semialdehyde	-1	undefined_stereo_C	med	1 undefined C stereocentre(s)	O=CC(O)C(=O)[O-]	rxn01280
0.2	1	Tartronate semialdehyde	-1	tautomer_skeleton	lo	rdkit-dominant tautomer differs: O=C([O-])C(=O)CO	O=CC(O)C(=O)[O-]	rxn01280
0.2	1	1-Octanal	+0	free_aldehyde	med	free R-CHO; may be gem-diol hydrate in water	CCCCCCCC=O	rxn02066
0.1	1	Benzaldehyde	+0	free_aldehyde	med	free R-CHO; may be gem-diol hydrate in water	O=Cc1ccccc1	rxn01293
0.0	1	Ciliatine	+0	phosphate_proton	lo	P-OH protonated; check pH-7 microspecies	[NH3+]CCP(=O)([O-])O	rxn02900
0.0	1	Phosphonoacetaldehyde	-1	phosphate_proton	lo	P-OH protonated; check pH-7 microspecies	O=CCP(=O)([O-])O	rxn02900
0.0	1	Phosphonoacetaldehyde	-1	free_aldehyde	med	free R-CHO; may be gem-diol hydrate in water	O=CCP(=O)([O-])O	rxn02900
