cpd,name,our_charge,du_pH7_charge,agree
cpd00001,H2O,0,0,1
cpd00002,ATP,-3,-3,1
cpd00003,NAD,-1,-1,1
cpd00004,NADH,-2,-2,1
cpd00005,NADPH,-4,-4,1
cpd00006,NADP,-3,-3,1
cpd00008,ADP,-2,-2,1
cpd00009,Phosphate,-2,-2,1
cpd00010,CoA,-4,-4,1
cpd00012,PPi,-3,-3,1
cpd00013,NH3,1,1,1
cpd00014,UDP,-2,-2,1
cpd00018,AMP,-2,-2,1
cpd00019,S-Adenosyl-homocysteine,0,0,1
cpd00020,Pyruvate,-1,-1,1
cpd00022,Acetyl-CoA,-4,-4,1
cpd00023,L-Glutamate,-1,-1,1
cpd00024,2-Oxoglutarate,-2,-2,1
cpd00026,UDP-glucose,-2,-2,1
cpd00027,D-Glucose,0,0,1
cpd00029,Acetate,-1,-1,1
cpd00031,GDP,-2,-2,1
cpd00032,Oxaloacetate,-2,-2,1
cpd00033,Glycine,0,0,1
cpd00035,L-Alanine,0,0,1
cpd00036,Succinate,-2,-2,1
cpd00037,UDP-N-acetylglucosamine,-2,-2,1
cpd00038,GTP,-3,-3,1
cpd00039,L-Lysine,1,1,1
cpd00040,Glyoxalate,-1,-1,1
cpd00041,L-Aspartate,-1,-1,1
cpd00043,UDP-galactose,-2,-2,1
cpd00046,CMP,-2,-2,1
cpd00047,Formate,-1,-1,1
cpd00048,Sulfate,-2,-2,1
cpd00051,L-Arginine,1,1,1
cpd00052,CTP,-3,-3,1
cpd00053,L-Glutamine,0,0,1
cpd00054,L-Serine,0,0,1
cpd00055,Formaldehyde,0,0,1
cpd00060,L-Methionine,0,0,1
cpd00061,Phosphoenolpyruvate,-3,-3,1
cpd00062,UTP,-3,-3,1
cpd00064,Ornithine,1,1,1
cpd00065,L-Tryptophan,0,0,1
cpd00066,L-Phenylalanine,0,0,1
cpd00068,ITP,-3,-3,1
cpd00069,L-Tyrosine,0,0,1
cpd00071,Acetaldehyde,0,0,1
cpd00072,D-fructose-6-phosphate,-2,-2,1
cpd00073,Urea,0,0,1
cpd00076,Sucrose,0,0,1
cpd00078,Succinyl-CoA,-5,-5,1
cpd00079,D-glucose-6-phosphate,-2,-2,1
cpd00080,Glycerol-3-phosphate,-2,-2,1
cpd00082,D-Fructose,0,0,1
cpd00083,GDP-mannose,-2,-2,1
cpd00085,beta-Alanine,0,0,1
cpd00086,Propionyl-CoA,-4,-4,1
cpd00087,Tetrahydrofolate,-2,-2,1
cpd00089,Glucose-1-phosphate,-2,-2,1
cpd00090,IDP,-2,-2,1
cpd00094,2-Oxobutyrate,-1,-1,1
cpd00095,Glycerone-phosphate,-2,-2,1
cpd00096,CDP,-2,-2,1
cpd00098,Choline,1,1,1
cpd00100,Glycerol,0,0,1
cpd00101,ribose-5-phosphate,-2,-2,1
cpd00102,Glyceraldehyde3-phosphate,-2,-2,1
cpd00103,PRPP,-4,-4,1
cpd00105,D-Ribose,0,0,1
cpd00106,Fumarate,-2,-2,1
cpd00107,L-Leucine,0,0,1
cpd00108,Galactose,0,0,1
cpd00111,Oxidized glutathione,-2,-2,1
cpd00113,Isopentenyldiphosphate,-2,-2,1
cpd00114,IMP,-2,-2,1
cpd00115,dATP,-3,-3,1
cpd00117,D-Alanine,0,0,1
cpd00119,L-Histidine,0,0,1
cpd00121,L-Inositol,0,0,1
cpd00122,N-Acetyl-D-glucosamine,0,0,1
cpd00125,5-10-Methylenetetrahydrofolate,-2,-2,1
cpd00126,GMP,-2,-2,1
cpd00128,Adenine,0,0,1
cpd00129,L-Proline,0,0,1
cpd00130,L-Malate,-2,-2,1
cpd00133,Nicotinamide,0,0,1
cpd00134,Palmitoyl-CoA,-4,-4,1
cpd00135,Homocysteine,0,0,1
cpd00137,Citrate,-3,-3,1
cpd00138,D-Mannose,0,0,1
cpd00139,Glycolate,-1,-1,1
cpd00141,Propionate,-1,-1,1
cpd00142,Acetoacetate,-1,-1,1
cpd00143,Phenylpyruvate,-1,-1,1
cpd00144,UDPglucuronate,-3,-3,1
cpd00145,Hydroxypyruvate,-1,-1,1
cpd00146,Carbamoylphosphate,-2,-2,1
cpd00147,5-Methylthioadenosine,0,0,1
cpd00154,Xylose,0,0,1
cpd00157,Glycerone,0,0,1
cpd00158,CELB,0,0,1
cpd00159,L-Lactate,-1,-1,1
cpd00161,L-Threonine,0,0,1
cpd00162,Aminoethanol,1,1,1
cpd00163,UDP-xylose,-2,-2,1
cpd00164,Glucuronate,-1,-1,1
cpd00169,3-Phosphoglycerate,-3,-3,1
cpd00170,Gluconolactone,0,0,1
cpd00171,D-Ribulose5-phosphate,-2,-2,1
cpd00175,UDP-N-acetyl-D-galactosamine,-2,-2,1
cpd00176,2-keto-3-deoxygluconate,-1,-1,1
cpd00177,dADP,-2,-2,1
cpd00178,Acetone,0,0,1
cpd00179,Maltose,0,0,1
cpd00182,Adenosine,0,0,1
cpd00185,D-Arabinose,0,0,1
cpd00186,D-Glutamate,-1,-1,1
cpd00188,Arachidonate,-1,-1,1
cpd00191,3-Oxopropanoate,-1,-1,1
cpd00193,APS,-2,-2,1
cpd00196,Acetylphosphate,-2,-2,1
cpd00198,D-Xylulose5-phosphate,-2,-2,1
cpd00199,4-Oxobutanoate,-1,-1,1
cpd00200,4MOP,-1,-1,1
cpd00201,10-Formyltetrahydrofolate,-2,-2,1
cpd00202,DMAPP,-2,-2,1
cpd00203,"1,3-Bisphospho-D-glycerate",-4,-4,1
cpd00206,dCMP,-2,-2,1
cpd00207,Guanine,0,0,1
cpd00208,LACT,0,0,1
cpd00212,L-Sorbose,0,0,1
cpd00213,Lipoamide,0,0,1
cpd00214,Palmitate,-1,-1,1
cpd00215,Pyridoxal,0,0,1
cpd00216,Chorismate,-2,-2,1
cpd00217,Brachiose,0,0,1
cpd00218,Niacin,-1,-1,1
cpd00221,D-Lactate,-1,-1,1
cpd00222,GLCN,-1,-1,1
cpd00223,Glycerate,-1,-1,1
cpd00224,L-Arabinose,0,0,1
cpd00225,Benzaldehyde,0,0,1
cpd00226,HYXN,0,0,1
cpd00227,L-Homoserine,0,0,1
cpd00229,Glycolaldehyde,0,0,1
cpd00232,Neu5Ac,-1,-1,1
cpd00235,D-mannose-6-phosphate,-2,-2,1
cpd00236,D-Erythrose4-phosphate,-2,-2,1
cpd00237,Androstenedione,0,0,1
cpd00242,H2CO3,-1,-1,1
cpd00246,Inosine,0,0,1
cpd00248,Quinate,-1,-1,1
cpd00249,Uridine,0,0,1
cpd00250,Creatine,0,0,1
cpd00256,CDPcholine,-1,-1,1
cpd00258,D-Ribulose,0,0,1
cpd00259,D-Lyxulose,0,0,1
cpd00260,Isocitrate,-3,-3,1
cpd00261,L-Lyxulose,0,0,1
cpd00262,Oxalyl-CoA,-5,-5,1
cpd00263,Pyridoxol,0,0,1
cpd00266,Carnitine,0,0,1
cpd00269,2-Oxoadipate,-2,-2,1
cpd00274,Citrulline,0,0,1
cpd00278,Indolepyruvate,-1,-1,1
cpd00279,Acetoacetyl-CoA,-4,-4,1
cpd00280,D-Galacturonate,-1,-1,1
cpd00281,GABA,0,0,1
cpd00282,S-Dihydroorotate,-1,-1,1
cpd00285,Phosphoethanolamine,-1,-1,1
cpd00287,3-Oxo-2-methylpropanoate,-1,-1,1
cpd00288,D-Glucosamine phosphate,-1,-1,1
cpd00293,N-Acetyl-D-glucosamine 6-phosphate,-2,-2,1
cpd00294,dAMP,-2,-2,1
cpd00295,dGDP,-2,-2,1
cpd00297,dTDP,-2,-2,1
cpd00298,dTMP,-2,-2,1
cpd00304,Retinal,0,0,1
cpd00306,Xylitol,0,0,1
cpd00311,Guanosine,0,0,1
cpd00314,D-Mannitol,0,0,1
cpd00315,GDP-glucose,-2,-2,1
cpd00323,L-Pipecolate,0,0,1
cpd00329,Cyclohexanone,0,0,1
cpd00330,Dihydrofolate,-2,-2,1
cpd00331,cis-Aconitate,-3,-3,1
cpd00333,(E)-Cinnamate,-1,-1,1
cpd00334,L-Lactaldehyde,0,0,1
cpd00337,Hydrouracil,0,0,1
cpd00342,N-Acetylornithine,0,0,1
cpd00343,N-Carbamoyl-L-aspartate,-2,-2,1
cpd00345,5-Methyltetrahydrofolate,-2,-2,1
cpd00346,L-Aspartate4-semialdehyde,0,0,1
cpd00347,5-10-Methenyltetrahydrofolate,-1,-1,1
cpd00351,Saccharopine,-1,-1,1
cpd00355,Nicotinamide ribonucleotide,-1,-1,1
cpd00357,TTP,-3,-3,1
cpd00359,indol,0,0,1
cpd00362,Estrone,0,0,1
cpd00363,Ethanol,0,0,1
cpd00365,Retinol,0,0,1
cpd00366,Ribitol,0,0,1
cpd00367,Cytidine,0,0,1
cpd00368,D-Lyxose,0,0,1
cpd00373,Sinapate,-1,-1,1
cpd00382,Melitose,0,0,1
cpd00383,Shikimate,-1,-1,1
cpd00386,D-Malate,-2,-2,1
cpd00387,ADPglucose,-2,-2,1
cpd00388,Allantoate,-1,-1,1
cpd00390,CDP-glucose,-2,-2,1
cpd00396,L-Rhamnose,0,0,1
cpd00397,L-Ribulose,0,0,1
cpd00404,D-Ornithine,1,1,1
cpd00408,Pantoate,-1,-1,1
cpd00419,PM,1,1,1
cpd00420,Testosterone,0,0,1
cpd00428,2-Oxopropanal,0,0,1
cpd00432,meso-Tartrate,-2,-2,1
cpd00435,Phenylcarbinol,0,0,1
cpd00437,D-Tagaturonate,-1,-1,1
cpd00444,CDPethanolamine,-1,-1,1
cpd00446,cAMP,-1,-1,1
cpd00448,D-Glyceraldehyde,0,0,1
cpd00449,Dihydrolipoamide,0,0,1
cpd00451,Glycocyamine,0,0,1
cpd00453,"1,2-Propanediol",0,0,1
cpd00457,Phosphocholine,-1,-1,1
cpd00458,Coniferol,0,0,1
cpd00465,Ureidoglycolate,-1,-1,1
cpd00472,UDPgalacturonate,-3,-3,1
cpd00475,Ribose 1-phosphate,-2,-2,1
cpd00477,N-Acetyl-L-glutamate,-2,-2,1
cpd00480,2-Dehydro-D-gluconate,-1,-1,1
cpd00485,D-Mannose1-phosphate,-2,-2,1
cpd00491,D-glucitol 6-phosphate,-2,-2,1
cpd00492,N-Acetyl-D-mannosamine,0,0,1
cpd00504,"LL-2,6-Diaminopimelate",0,0,1
cpd00509,deoxyribose-1-phosphate,-2,-2,1
cpd00510,deoxyribose-5-phosphate,-2,-2,1
cpd00516,"meso-2,6-Diaminopimelate",0,0,1
cpd00519,D-methylmalonyl-CoA,-5,-5,1
cpd00520,2-Dehydro-3-deoxy-D-pentonate,-1,-1,1
cpd00521,dTDP-4-oxo-6-deoxy-D-glucose,-2,-2,1
cpd00523,Trehalose 6-phosphate,-2,-2,1
cpd00533,dCDP,-2,-2,1
cpd00549,D-Lysine,1,1,1
cpd00562,1-Octanol,0,0,1
cpd00581,Urocanate,-1,-1,1
cpd00588,Sorbitol,0,0,1
cpd00589,D-Tagatose,0,0,1
cpd00622,Sepiapterin,0,0,1
cpd00626,dTDPglucose,-2,-2,1
cpd00636,Hexalin,0,0,1
cpd00644,PAN,-1,-1,1
cpd00650,Crotonyl-CoA,-4,-4,1
cpd00655,Dephospho-CoA,-2,-2,1
cpd00658,Isochorismate,-2,-2,1
cpd00672,D-Fructuronate,-1,-1,1
cpd00682,CoA-glutathione,-5,-5,1
cpd00684,Dimethylmaleic acid,-2,-2,1
cpd00691,UDP-L-arabinose,-2,-2,1
cpd00695,2-Oxoglutaramate,-1,-1,1
cpd00699,5-Dehydroquinate,-1,-1,1
cpd00702,Estradiol,0,0,1
cpd00705,L-2-Aminoadipate,-1,-1,1
cpd00712,2-Dehydropantoate,-1,-1,1
cpd00718,Dihydroxyfumarate,-2,-2,1
cpd00722,O-Acetyl-L-serine,0,0,1
cpd00728,4-Hydroxybutanoate,-1,-1,1
cpd00738,phosphoserine,-2,-2,1
cpd00745,Hydracrylic acid,-1,-1,1
cpd00751,L-Fucose,0,0,1
cpd00793,Thiamine phosphate,-1,-1,1
cpd00794,TRHL,0,0,1
cpd00795,(R)-2-Hydroxyglutarate,-2,-2,1
cpd00797,(R)-3-Hydroxybutanoate,-1,-1,1
cpd00802,D-fructose-1-phosphate,-2,-2,1
cpd00807,L-histidinol-phosphate,-1,-1,1
cpd00808,L-ribulose-5-phosphate,-2,-2,1
cpd00810,Orotidylic acid,-3,-3,1
cpd00812,5-phosphomevalonate,-3,-3,1
cpd00830,4-Hydroxy-2-oxoglutarate,-2,-2,1
cpd00840,L-beta-Lysine,1,1,1
cpd00841,5-diphosphomevalonate,-3,-3,1
cpd00842,(S)-3-Hydroxybutyryl-CoA,-4,-4,1
cpd00843,Tartronate semialdehyde,-1,-1,1
cpd00851,trans-4-Hydroxy-L-proline,0,0,1
cpd00863,beta-D-Glucose 6-phosphate,-2,-2,1
cpd00865,1-O-Sinapoyl-beta-D-glucose,0,0,1
cpd00868,p-hydroxyphenylpyruvate,-1,-1,1
cpd00873,Nicotinate ribonucleotide,-2,-2,1
cpd00874,"(3S,5S)-3,5-Diaminocaproate",1,1,1
cpd00876,3-Hydroxyisobutyrate,-1,-1,1
cpd00880,1-Phospho-alpha-D-glucuronate,-3,-3,1
cpd00891,L-methylmalonyl-CoA,-5,-5,1
cpd00910,Galactinol,0,0,1
cpd00911,6-phospho-D-glucono-1-5-lactone,-2,-2,1
cpd00915,"3,5-Diiodo-4-hydroxyphenylpyruvate",-1,-1,1
cpd00922,delta1-Piperideine-2-carboxylate,-1,-1,1
cpd00930,imidazole acetol-phosphate,-2,-2,1
cpd00945,2-Dehydro-3-deoxy-D-galactonate 6-phosphate,-3,-3,1
cpd00996,Maleate,-2,-2,1
cpd01011,Butanal,0,0,1
cpd01066,L-Iditol,0,0,1
cpd01088,1-Octanal,0,0,1
cpd01101,Carbamate,-1,-1,1
cpd01106,D-Leucine,0,0,1
cpd01122,Linoleate,-1,-1,1
cpd01133,Stachyose,0,0,1
cpd01138,Threonate,-1,-1,1
cpd01171,Dulcose,0,0,1
cpd01194,Mesaconate,-2,-2,1
cpd01269,2-Propanol,0,0,1
cpd01307,D-Lyxitol,0,0,1
cpd01345,Taurocyamine,0,0,1
cpd01367,Acetylcholine,1,1,1
cpd01383,D-Erythrulose,0,0,1
cpd01394,Indolelactate,-1,-1,1
cpd01397,Laminariaceae,0,0,1
cpd01430,11-cis-Retinal,0,0,1
cpd01432,2-Methylserine,0,0,1
cpd01502,Citraconate,-2,-2,1
cpd01512,5-Oxo-D-proline,-1,-1,1
cpd01536,GDP-L-galactose,-2,-2,1
cpd01545,Methylitaconate,-2,-2,1
cpd01550,Phosphocreatine,-2,-2,1
cpd01630,"cis,cis-Muconate",-2,-2,1
cpd01675,Methylmalonyl-CoA,-5,-5,1
cpd01682,O-Acetylcarnitine,0,0,1
cpd01691,Retinol palmitate,0,0,1
cpd01700,D-Citramalate,-2,-2,1
cpd01701,S-Citramalate,-2,-2,1
cpd01705,"2,3-Dimethylmalate",-2,-2,1
cpd01715,3-Dehydrocarnitine,0,0,1
cpd01716,3-Dehydroshikimate,-1,-1,1
cpd01720,3-Ureidopropanoate,-1,-1,1
cpd01733,Ferulaldehyde,0,0,1
cpd01756,N-Acetylmethionine,-1,-1,1
cpd01784,enol-Phenylpyruvate,-1,-1,1
cpd01793,"2,5-diketo-D-gluconate",-1,-1,1
cpd01795,2-Deoxy-D-gluconate,-1,-1,1
cpd01807,3-Phosphonopyruvate,-2,-2,1
cpd01876,2-Methyleneglutarate,-2,-2,1
cpd01895,"7,8-Dihydrobiopterin",0,0,1
cpd01915,L-Palmitoylcarnitine,0,0,1
cpd01947,BDOH,0,0,1
cpd01961,3-Dehydro-L-threonate,-1,-1,1
cpd01964,3-Hydroxybenzaldehyde,0,0,1
cpd01977,4-Phospho-L-aspartate,-2,-2,1
cpd02015,N-Phosphotaurocyamine,-2,-2,1
cpd02016,N-Ribosylnicotinamide,1,1,1
cpd02024,Phosphonoacetaldehyde,-1,-1,1
cpd02051,Alanopine,-1,-1,1
cpd02069,3-Phosphonooxypyruvate,-3,-3,1
cpd02112,Xanthine-8-carboxylate,-1,-1,1
cpd02121,2-Amino-4-oxopentanoate,0,0,1
cpd02129,3-Hydroxybenzyl alcohol,0,0,1
cpd02143,"D-Galactono-1,4-lactone",0,0,1
cpd02148,Erythrulose 1-phosphate,-2,-2,1
cpd02152,L-Argininosuccinate,-1,-1,1
cpd02175,cis-4-Hydroxy-D-proline,0,0,1
cpd02182,(R)-S-Lactoylglutathione,-1,-1,1
cpd02186,Oxaloglycolate,-2,-2,1
cpd02210,Indoleglycerol phosphate,-2,-2,1
cpd02234,(R)-3-Hydroxybutanoyl-CoA,-4,-4,1
cpd02235,1-Pyrroline-2-carboxylate,-1,-1,1
cpd02264,CDPparatose,-2,-2,1
cpd02265,CDPtyvelose,-2,-2,1
cpd02273,L-threo-3-Methylaspartate,-1,-1,1
cpd02294,(S)-5-Amino-3-oxohexanoate,0,0,1
cpd02311,4-Imidazolone-5-propanoate,-1,-1,1
cpd02324,L-5-Carboxymethylhydantoin,-1,-1,1
cpd02375,Adenylosuccinate,-4,-4,1
cpd02431,1-Pyrroline-5-carboxylate,-1,-1,1
cpd02441,3-Dehydro-2-deoxy-D-gluconate,-1,-1,1
cpd02448,"2,4-Diaminopentanoate",1,1,1
cpd02469,enol-Oxaloacetate,-2,-2,1
cpd02510,"(9Z,11E)-Octadecadienoic acid",-1,-1,1
cpd02536,Muconolactone,-1,-1,1
cpd02543,4-(Trimethylammonio)but-2-enoate,0,0,1
cpd02553,Octopine,0,0,1
cpd02574,methylthioribose-1-phosphate,-2,-2,1
cpd02611,N-Acetyl-D-glucosamine1-phosphate,-2,-2,1
cpd02612,N-Acetylmannosamine 6-phosphate,-2,-2,1
cpd02616,"dTDP-4-amino-4,6-dideoxy-D-glucose",-1,-1,1
cpd02654,4-Methyl-5--2-phosphoethyl-thiazole,-2,-2,1
cpd02662,Malyl-CoA,-5,-5,1
cpd02673,"3-(3,5-Diiodo-4-hydroxyphenyl)lactate",-1,-1,1
cpd02698,"N-Succinyl-L-2,6-diaminopimelate",-2,-2,1
cpd02711,2-Keto-3-deoxy-6-phosphogluconate,-3,-3,1
cpd02724,N-Succinyl-L-2-amino-6-oxopimelate,-3,-3,1
cpd02836,"(13E)-11alpha-Hydroxy-9,15-dioxoprost-13-enoate",-1,-1,1
cpd02851,AICAR,-2,-2,1
cpd02884,FAICAR,-2,-2,1
cpd02889,Alprostadil,-1,-1,1
cpd02894,4-Amino-2-methyl-5-diphosphomethylpyrimidine,-2,-2,1
cpd02921,SAICAR,-4,-4,1
cpd03122,(S)-Hydroxyhexanoyl-CoA,-4,-4,1
cpd03123,3-Oxohexanoyl-CoA,-4,-4,1
cpd03125,(2E)-Hexenoyl-CoA,-4,-4,1
cpd03198,Melibiose,0,0,1
cpd03221,Zymosterol,0,0,1
cpd03222,"5alpha-Cholesta-7,24-dien-3beta-ol",0,0,1
cpd03279,Deoxyinosine,0,0,1
cpd03292,Penicillin G,-1,-1,1
cpd03518,Formamidopyrimidine nucleoside triphosphate,-3,-3,1
cpd03535,Phosphoarginine,-1,-1,1
cpd03561,2-Hydroxybutyrate,-1,-1,1
cpd03583,D-arabino-6-Phospho-hex-3-ulose,-2,-2,1
cpd03662,n-Butanol,0,0,1
cpd03671,D-Glucosamine1-phosphate,-1,-1,1
cpd03763,"Cyclohexa-1,5-dienecarbonyl-CoA",-4,-4,1
cpd03880,D-Altrose,0,0,1
cpd03884,D-Psicose,0,0,1
cpd04130,6-Hydroxycyclohex-1-enecarbonyl-CoA,-4,-4,1
cpd05400,3-Hexenol,0,0,1
cpd08210,ADC,-1,-1,1
cpd08505,Anandamide,0,0,1
cpd09876,Lombricine,0,0,1
cpd09877,N-Phospholombricine,-2,-2,1
cpd10719,D-Carnitine,0,0,1
cpd11314,L-Sorbosonate,-1,-1,1
cpd15026,3-Hexenal,0,0,1
cpd16300,Palmidrol,0,0,1
cpd17073,2-amino-2-deoxyisochorismic acid,-1,-1,1
cpd19006,alpha-D-Glucose 6-phosphate,-2,-2,1
cpd19008,(R)-Acetoin,0,0,1
cpd19069,Phenylacetic acid,-1,-1,1
cpd27436,"D-mannitol, 1-(dihydrogenphosphate)",-2,-2,1
cpd00042,GSH,-2,-1,0
cpd00290,"D-fructose-1,6-bisphosphate",-4,-3,0
cpd00296,dGMP,-2,0,0
cpd00482,2-Phospho-D-glycerate,-3,-2,0
cpd01896,6-Aminopenicillanate,0,-1,0
cpd02233,Ciliatine,0,-1,0
