du_compound_id,name,smiles,inchikey,inchikey_block,has_dG_f,has_dH_f,has_dS_f,matched_cpd,in_abinitio_set
CHB_10334,,CC(C)C1=CC=C(C)CC1,YHQGMYUVUMAZJR-UHFFFAOYSA-N,YHQGMYUVUMAZJR,0,0,1,cpd06788,0
CHB_10577,,CC(C)C1=CCC(C)=CC1,YKFLAYDHMOASIY-UHFFFAOYSA-N,YKFLAYDHMOASIY,0,0,1,cpd06790,0
CHB_10589,3-methylbenzoic acid,Cc1cccc(c1)C([O-])=O,GPSDUZXPYCFOSQ-UHFFFAOYSA-M,GPSDUZXPYCFOSQ,1,1,1,cpd04449,0
CHB_10590,,Cc1cccc(C)c1,IVSZLXZYQVIEFR-UHFFFAOYSA-N,IVSZLXZYQVIEFR,0,0,1,cpd04446,0
CHB_10605,,CCCCCCCCCCO,MWKFXSUHUHTGQN-UHFFFAOYSA-N,MWKFXSUHUHTGQN,0,0,1,cpd01147,0
CHB_10611,,Cc1ccccc1C,CTQNGGLPUBDAKN-UHFFFAOYSA-N,CTQNGGLPUBDAKN,0,0,1,cpd04450,0
CHB_10624,,CC(C)c1ccc(C)cc1,HFPZCAJZSCWRBC-UHFFFAOYSA-N,HFPZCAJZSCWRBC,0,0,1,cpd03982,0
CHB_10633,,Cc1ccc(C)cc1,URLKBWYHVLBVBO-UHFFFAOYSA-N,URLKBWYHVLBVBO,0,0,1,cpd04136,0
CHB_1093,,CCCCC(CC)CO,YIWUKEYIRIRTPP-UHFFFAOYSA-N,YIWUKEYIRIRTPP,0,0,1,cpd01641,0
CHB_1148,2-hydroxybutanoate,CCC(O)C(O)=O,AFENDNXGAFYKQO-UHFFFAOYSA-N,AFENDNXGAFYKQO,1,1,1,cpd03561,1
CHB_11563,2-deoxy--D-ribose 1-phosphate,OC[C@H]1O[C@@H](C[C@@H]1O)OP([O-])([O-])=O,KBDKAJNTYKVSEK-VPENINKCSA-L,KBDKAJNTYKVSEK,1,0,0,cpd00509,1
CHB_1280,,CCCCCCCCCC(C)=O,KYWIYKKSMDLRDC-UHFFFAOYSA-N,KYWIYKKSMDLRDC,0,0,1,cpd01290,0
CHB_13705,acetoacetate,CC(=O)CC(O)=O,WDJHALXBUFZDSR-UHFFFAOYSA-N,WDJHALXBUFZDSR,1,0,0,cpd00142,1
CHB_15343,acetaldehyde,CC=O,IKHGUXGNUITLKF-UHFFFAOYSA-N,IKHGUXGNUITLKF,1,1,1,cpd00071,1
CHB_15347,acetone,CC(C)=O,CSCPPACGZOOCGX-UHFFFAOYSA-N,CSCPPACGZOOCGX,1,1,1,cpd00178,1
CHB_15350,acetyl phosphate,CC(=O)OP([O-])([O-])=O,LIPOUNRJVLNBCD-UHFFFAOYSA-L,LIPOUNRJVLNBCD,1,0,0,cpd00196,1
CHB_15361,pyruvate,CC(=O)C(O)=O,LCTONWCANYUPML-UHFFFAOYSA-N,LCTONWCANYUPML,1,1,1,cpd00020,1
CHB_15422,ATP,Nc1ncnc2n(cnc12)[C@@H]1O[C@H](COP(O)(=O)OP([O-])(=O)OP(O)([O-])=O)[C@@H](O)[C@H]1O,ZKHQWZAMYRWXGA-KQYNXXCUSA-L,ZKHQWZAMYRWXGA,1,1,1,cpd00002,1
CHB_15428,glycine,[NH3+]CC([O-])=O,DHMQDGOQFOQNFH-UHFFFAOYSA-N,DHMQDGOQFOQNFH,1,1,1,cpd00033,1
CHB_15588,(R)-malate,O[C@H](CC(O)=O)C([O-])=O,BJEPYKJPYRNKOW-UWTATZPHSA-M,BJEPYKJPYRNKOW,0,0,1,cpd00130,1
CHB_15589,(S)-malate,O[C@@H](CC([O-])=O)C([O-])=O,BJEPYKJPYRNKOW-REOHCLBHSA-L,BJEPYKJPYRNKOW,1,1,1,cpd00130,1
CHB_15603,L-leucine,CC(C)C[C@H]([NH3+])C([O-])=O,ROHFNLRQFUQHCH-YFKPBYRVSA-N,ROHFNLRQFUQHCH,1,1,1,cpd00107,1
CHB_15698,Deoxycytidine,Nc1ccn([C@H]2C[C@H](O)[C@@H](CO)O2)c(=O)[nH+]1,CKTSBUTUHBMZGZ-SHYZEUOFSA-O,CKTSBUTUHBMZGZ,1,1,1,cpd00654,0
CHB_15713,UTP,O[C@H]1[C@@H](O)[C@@H](O[C@@H]1COP([O-])(=O)OP([O-])(=O)OP(O)([O-])=O)n1ccc(=O)[nH]c1=O,PGAVKCOVUIYSFO-XVFCMESISA-K,PGAVKCOVUIYSFO,1,1,1,cpd00062,1
CHB_15740,formate,OC=O,BDAGIHXWWSANSR-UHFFFAOYSA-N,BDAGIHXWWSANSR,1,1,1,cpd00047,1
CHB_15743,butanal,CCCC=O,ZTQSAGDEMFDKMZ-UHFFFAOYSA-N,ZTQSAGDEMFDKMZ,1,1,1,cpd01011,1
CHB_15756,palmitic acid,CCCCCCCCCCCCCCCC([O-])=O,IPCSVZSSVZVIGE-UHFFFAOYSA-M,IPCSVZSSVZVIGE,1,0,0,cpd00214,1
CHB_15811,O-phospho-L-serine,[NH3+][C@@H](COP(O)([O-])=O)C(O)=O,BZQFBWGGLXLEPQ-REOHCLBHSA-N,BZQFBWGGLXLEPQ,1,0,0,cpd00738,1
CHB_15846,NAD,NC(=O)c1ccc[n+](c1)[C@@H]1O[C@H](COP([O-])(=O)OP([O-])(=O)OC[C@H]2O[C@H]([C@H](O)[C@@H]2O)n2cnc3c(N)ncnc23)[C@@H](O)[C@H]1O,BAWFJGJZGIEFAR-NNYOXOHSSA-M,BAWFJGJZGIEFAR,1,1,1,cpd00003,1
CHB_15862,ethanamine (Ethylamine),CCN,QUSNBJAOOMFDIB-UHFFFAOYSA-N,QUSNBJAOOMFDIB,1,1,1,cpd00591,0
CHB_15882,phenol,Oc1ccccc1,ISWSIDIOOBJBQZ-UHFFFAOYSA-N,ISWSIDIOOBJBQZ,1,1,1,cpd00127,0
CHB_15891,NH2CH2CH2SO3H,[NH3+]CCS([O-])(=O)=O,XOAAWQZATWQOTB-UHFFFAOYSA-N,XOAAWQZATWQOTB,0,0,1,cpd00210,0
CHB_15895,"D-galactono-1,4-lactone",OC[C@@H](O)[C@@H]1OC(=O)[C@H]([O-])[C@H]1O,HSQJUOQBLAFQBE-AIHAYLRMSA-N,HSQJUOQBLAFQBE,1,0,0,,0
CHB_15918,dCMP,Nc1ccn([C@H]2C[C@H](O)[C@@H](COP(O)([O-])=O)O2)c(=O)n1,NCMVOABPESMRCP-SHYZEUOFSA-M,NCMVOABPESMRCP,1,1,1,cpd00206,1
CHB_15963,ribitol,OC[C@H](O)[C@H]([O-])[C@H](O)CO,BJWHQFDBORSFJW-ZXFHETKHSA-N,BJWHQFDBORSFJW,1,0,0,,0
CHB_1597,,CC(C)CCO,PHTQWCKDNZKARW-UHFFFAOYSA-N,PHTQWCKDNZKARW,0,0,1,cpd04533,0
CHB_15971,L-histidine,[NH3+][C@@H](Cc1c[nH]c[nH+]1)C([O-])=O,HNDVDQJCIGZPNO-YFKPBYRVSA-O,HNDVDQJCIGZPNO,1,1,1,cpd00119,1
CHB_15978,sn-glycerol 3-phosphate,OC[C@@H](O)COP(O)(O)=O,AWUCVROLDVIAJX-GSVOUGTGSA-N,AWUCVROLDVIAJX,1,1,1,cpd00080,1
CHB_15996,GTP,Nc1nc2n(cnc2c(=O)[nH]1)[C@@H]1O[C@H](COP(O)(=O)OP(O)(=O)OP(O)(O)=O)[C@@H](O)[C@H]1O,XKMLYUALXHKNFT-UUOKFMHZSA-N,XKMLYUALXHKNFT,1,1,1,cpd00038,1
CHB_16004,(R)-lactate,C[C@@H](O)C([O-])=O,JVTAAEKCZFNVCJ-UWTATZPHSA-M,JVTAAEKCZFNVCJ,1,1,1,cpd00159,1
CHB_16007,Methanethiol,C[S-],LSDPWZHWYPCBBB-UHFFFAOYSA-M,LSDPWZHWYPCBBB,1,1,1,cpd00324,0
CHB_16016,dihydroxyacetone,OCC(=O)CO,RXKJFZQQPQGTFL-UHFFFAOYSA-N,RXKJFZQQPQGTFL,1,0,0,cpd00157,1
CHB_16027,AMP,Nc1[nH+]cnc2n(cnc12)[C@@H]1O[C@H](COP(O)([O-])=O)[C@@H](O)[C@H]1O,UDMBCSSLTHHNCD-KQYNXXCUSA-N,UDMBCSSLTHHNCD,1,1,1,cpd00018,1
CHB_16039,ITP,O[C@@H]1[C@@H](COP(O)(=O)OP([O-])(=O)OP(O)(O)=O)O[C@H]([C@@H]1O)n1cnc2c1nc[nH]c2=O,HAEJPQIATWHALX-KQYNXXCUSA-M,HAEJPQIATWHALX,1,1,1,cpd00068,1
CHB_16040,Cytosine,Nc1cc[n-]c(=O)n1,OPTASPLRGRRNAP-UHFFFAOYSA-M,OPTASPLRGRRNAP,1,1,1,cpd00307,0
CHB_16052,1-propene,CC=C,QQONPFPTGQHPMA-UHFFFAOYSA-N,QQONPFPTGQHPMA,1,1,1,cpd08344,0
CHB_16077,glucose 1-phosphate,OC[C@H]1O[C@H](OP(O)(O)=O)[C@H](O)[C@@H](O)[C@@H]1O,HXXFSFRBOHSIMQ-VFUOTHLCSA-N,HXXFSFRBOHSIMQ,1,0,0,cpd00089,1
CHB_16087,isocitrate,OC(C(CC(O)=O)C(O)=O)C([O-])=O,ODBLHEXUDAPZAU-UHFFFAOYSA-M,ODBLHEXUDAPZAU,1,0,0,cpd00260,1
CHB_16101,ethylbenzene,CCc1ccccc1,YNQLUTRBYVCPMQ-UHFFFAOYSA-N,YNQLUTRBYVCPMQ,1,1,1,cpd04383,0
CHB_16108,glycerone phosphate,OCC(=O)COP(O)(O)=O,GNGACRATGGDKBX-UHFFFAOYSA-N,GNGACRATGGDKBX,1,0,0,cpd00095,1
CHB_16171,nicotinamide mononucleotide,[NH-]C(=O)c1ccc[n+](c1)[C@@H]1O[C@H](COP([O-])([O-])=O)[C@@H](O)[C@H]1O,DAYLJWODMCOQEW-TURQNECASA-L,DAYLJWODMCOQEW,1,1,1,cpd00355,1
CHB_16174,dADP,Nc1ncnc2n(cnc12)[C@H]1C[C@H](O)[C@@H](COP(O)(=O)OP(O)([O-])=O)O1,DAEAPNUQQAICNR-RRKCRQDMSA-M,DAEAPNUQQAICNR,1,1,1,cpd00177,1
CHB_16183,methane,C,VNWKTOKETHGBQD-UHFFFAOYSA-N,VNWKTOKETHGBQD,1,1,1,cpd01024,0
CHB_16188,1-octanol,CCCCCCCCO,KBPLFHHGFOOTCA-UHFFFAOYSA-N,KBPLFHHGFOOTCA,1,1,1,cpd00562,1
CHB_16189,sulfate,[O-]S([O-])(=O)=O,QAOWNCQODCNURD-UHFFFAOYSA-L,QAOWNCQODCNURD,0,0,1,cpd00048,1
CHB_16192,dGMP,Nc1nc2n(c[nH+]c2c(=O)[nH]1)[C@H]1C[C@H](O)[C@@H](COP(O)(O)=O)O1,LTFMZDNNPPEQNG-KVQBGUIXSA-O,LTFMZDNNPPEQNG,1,1,1,cpd00296,1
CHB_16199,urea,NC(N)=O,XSQUKJJJFZCRTK-UHFFFAOYSA-N,XSQUKJJJFZCRTK,1,1,1,cpd00073,1
CHB_16217,"D-glucono-1,5-lactone",OC[C@H]1OC(=O)[C@H](O)[C@@H](O)[C@@H]1O,PHOQVHQSTUBQQK-SQOUGZDYSA-N,PHOQVHQSTUBQQK,1,0,0,cpd00170,1
CHB_16235,guanine,Nc1nc2[nH]c[nH+]c2c(=O)[nH]1,UYTPUPDQBNUYGX-UHFFFAOYSA-O,UYTPUPDQBNUYGX,1,1,1,cpd00207,1
CHB_16236,ethanol,CCO,LFQSCWFLJHTTHZ-UHFFFAOYSA-N,LFQSCWFLJHTTHZ,1,1,1,cpd00363,1
CHB_16283,cystine_0,N[C@@H](CSSC[C@H](N)C([O-])=O)C([O-])=O,LEVWYRKDKASIDU-IMJSIDKUSA-L,LEVWYRKDKASIDU,1,0,0,cpd00381,0
CHB_16284,dATP,Nc1ncnc2n(cnc12)[C@H]1C[C@H](O)[C@@H](COP([O-])(=O)OP([O-])(=O)OP(O)([O-])=O)O1,SUYVUBYJARFZHO-RRKCRQDMSA-K,SUYVUBYJARFZHO,1,1,1,cpd00115,1
CHB_16298,D-mannitol-1-phosphate,OC[C@@H](O)[C@@H](O)[C@H](O)[C@H](O)COP([O-])([O-])=O,GACTWZZMVMUKNG-KVTDHHQDSA-L,GACTWZZMVMUKNG,1,0,0,cpd00491,1
CHB_16311,dCTP,Nc1ccn([C@H]2C[C@H](O)[C@@H](COP(O)(=O)OP(O)(=O)OP(O)(O)=O)O2)c(=O)n1,RGWHQCVHVJXOKC-SHYZEUOFSA-N,RGWHQCVHVJXOKC,1,1,1,cpd00356,0
CHB_16335,adenosine,Nc1ncnc2n(cnc12)[C@@H]1O[C@H](CO)[C@@H](O)[C@H]1O,OIRDTQYFTABQOQ-KQYNXXCUSA-N,OIRDTQYFTABQOQ,1,1,1,cpd00182,1
CHB_16383,cis-aconitate,OC(=O)C\C(=C\C(O)=O)C([O-])=O,GTZCVFVGUGFEME-IWQZZHSRSA-M,GTZCVFVGUGFEME,1,0,0,cpd00331,1
CHB_16414,L-valine,CC(C)[C@H](N)C([O-])=O,KZSNJWFQEVHDMF-BYPYZUCNSA-M,KZSNJWFQEVHDMF,1,1,1,cpd00156,0
CHB_16450,Deoxyuridine,OC[C@H]1O[C@H](C[C@@H]1O)n1ccc(=O)[nH]c1=O,MXHRCPNRJAMMIM-SHYZEUOFSA-N,MXHRCPNRJAMMIM,1,1,1,cpd00412,0
CHB_16459,n-pentanamide,CCCCC(N)=O,IPWFJLQDVFKJDU-UHFFFAOYSA-N,IPWFJLQDVFKJDU,1,1,1,cpd01267,0
CHB_16467,L-arginine,N[C@@H](CCCNC(N)=N)C([O-])=O,ODKSFYDXXFIFQN-BYPYZUCNSA-M,ODKSFYDXXFIFQN,1,1,1,cpd00051,1
CHB_16472,2-pentanone,CCCC(C)=O,XNLICIUVMPYHGG-UHFFFAOYSA-N,XNLICIUVMPYHGG,1,1,1,cpd01339,0
CHB_16474,NADPH,NC(=O)C1=CN(C=CC1)[C@@H]1O[C@H](COP(O)(=O)OP(O)(=O)OC[C@H]2O[C@H]([C@H](OP(O)([O-])=O)[C@@H]2O)n2cnc3c(N)[nH+]cnc23)[C@@H](O)[C@H]1O,ACFIXJIJDZMPPO-NNYOXOHSSA-N,ACFIXJIJDZMPPO,1,1,1,cpd00005,1
CHB_16497,dGTP,Nc1nc2n(cnc2c(=O)[nH]1)[C@H]1C[C@H](O)[C@@H](COP(O)(=O)OP([O-])(=O)OP(O)(O)=O)O1,HAAZLUGHYHWQIW-KVQBGUIXSA-M,HAAZLUGHYHWQIW,1,1,1,cpd00241,0
CHB_16510,3-hydroxypropanoate,OCCC([O-])=O,ALRHLSYJTWAHJZ-UHFFFAOYSA-M,ALRHLSYJTWAHJZ,1,0,0,cpd00745,1
CHB_16551,",-trehalose",OC[C@H]1O[C@H](O[C@H]2O[C@H](CO)[C@@H](O)[C@H](O)[C@H]2[O-])[C@H](O)[C@@H](O)[C@@H]1O,JSNDPALCVAVADE-LIZSDCNHSA-N,JSNDPALCVAVADE,1,0,0,,0
CHB_16602,trichloroethylene (TCE),ClC=C(Cl)Cl,XSTXAVWGXDQKEL-UHFFFAOYSA-N,XSTXAVWGXDQKEL,1,1,0,cpd04167,0
CHB_16643,L-methionine,CSCC[C@H]([NH3+])C([O-])=O,FFEARJCKVFRZRR-BYPYZUCNSA-N,FFEARJCKVFRZRR,1,1,1,cpd00060,1
CHB_16659,glycerate,OC[C@@H](O)C(O)=O,RBNPOMFGQQGHHO-UWTATZPHSA-N,RBNPOMFGQQGHHO,1,0,0,cpd00223,1
CHB_16695,UMP,O[C@@H]1[C@@H](COP(O)(O)=O)O[C@H]([C@@H]1O)n1ccc(=O)[nH]c1=O,DJJCXFVJDGTHFX-XVFCMESISA-N,DJJCXFVJDGTHFX,1,1,1,cpd00091,0
CHB_16704,uridine,OC[C@H]1O[C@H]([C@H](O)[C@@H]1O)n1ccc(=O)[n-]c1=O,DRTQHJPVMGBUCF-XVFCMESISA-M,DRTQHJPVMGBUCF,1,1,1,cpd00249,1
CHB_16708,adenine,Nc1ncnc2[nH]cnc12,GFFGJBXGBJISGV-UHFFFAOYSA-N,GFFGJBXGBJISGV,1,1,1,cpd00128,1
CHB_16716,benzene,c1ccccc1,UHOVQNZJYSORNB-UHFFFAOYSA-N,UHOVQNZJYSORNB,1,1,1,cpd01007,0
CHB_16737,creatinine_0,CN1CC(=O)NC1=N,DDRJAANPRJIHGJ-UHFFFAOYSA-N,DDRJAANPRJIHGJ,1,0,0,cpd00585,0
CHB_16750,guanosine,Nc1nc2n(cnc2c(=O)[n-]1)[C@@H]1O[C@H](CO)[C@@H](O)[C@H]1O,NYHBQMYGNKIUIF-UUOKFMHZSA-M,NYHBQMYGNKIUIF,1,1,1,cpd00311,1
CHB_16761,ADP,Nc1ncnc2n(cnc12)[C@@H]1O[C@H](COP([O-])(=O)OP([O-])([O-])=O)[C@@H](O)[C@H]1[O-],PBOCXMDLUVTLNU-KQYNXXCUSA-K,PBOCXMDLUVTLNU,1,1,1,,0
CHB_16769,2-oxoglutaramate,NC(=O)CCC(=O)C(O)=O,COJBGNAUUSNXHX-UHFFFAOYSA-N,COJBGNAUUSNXHX,1,0,0,cpd00695,1
CHB_16810,2-oxoglutarate,OC(=O)CCC(=O)C(O)=O,KPGXRSRHYNQIFN-UHFFFAOYSA-N,KPGXRSRHYNQIFN,1,1,1,cpd00024,1
CHB_16821,oxoproline_-1,[O-]C(=O)[C@@H]1CC(=O)C[NH2+]1,HFXAFXVXPMUQCQ-BYPYZUCNSA-N,HFXAFXVXPMUQCQ,1,0,0,cpd01292,0
CHB_16828,L-tryptophan,[NH3+][C@@H](Cc1c[nH]c2ccccc12)C(O)=O,QIVBCDIJIAJPQS-VIFPVBQESA-O,QIVBCDIJIAJPQS,1,1,1,cpd00065,1
CHB_16830,methylamine,CN,BAVYZALUXZFZLV-UHFFFAOYSA-N,BAVYZALUXZFZLV,1,1,1,cpd00187,0
CHB_16842,formaldehyde,C=O,WSFSSNUMVMOOMR-UHFFFAOYSA-N,WSFSSNUMVMOOMR,1,1,1,cpd00055,1
CHB_16857,L-threonine,C[C@@H](O)[C@H](N)C([O-])=O,AYFVYJQAPQTCCC-GBXIJSLDSA-M,AYFVYJQAPQTCCC,1,1,1,cpd00161,1
CHB_16881,indole,c1cc2ccccc2[nH]1,SIKJAQJRHWYJAI-UHFFFAOYSA-N,SIKJAQJRHWYJAI,1,1,1,cpd00359,1
CHB_16891,glyoxylate,OC(=O)C=O,HHLFWLYXYJOTON-UHFFFAOYSA-N,HHLFWLYXYJOTON,1,0,0,cpd00040,1
CHB_16899,D-mannitol,OC[C@@H](O)[C@@H](O)[C@H]([O-])[C@H](O)CO,UKEOJZXZJYBCKF-KVTDHHQDSA-N,UKEOJZXZJYBCKF,1,0,0,,0
CHB_16908,NADH,NC(=O)C1=CN(C=CC1)[C@@H]1O[C@H](COP(O)(=O)OP(O)(=O)OC[C@H]2O[C@H]([C@H](O)[C@@H]2O)n2cnc3c(N)ncnc23)[C@@H](O)[C@H]1O,BOPGDPNILDQYTO-NNYOXOHSSA-N,BOPGDPNILDQYTO,1,1,1,cpd00004,1
CHB_16919,creatine,CN(CC([O-])=O)C(N)=[NH2+],CVSVTCORWBXHQV-UHFFFAOYSA-N,CVSVTCORWBXHQV,1,0,0,cpd00250,1
CHB_16938,"D-glucono-1,5-lactone 6-phosphate",O[C@H]1[C@H](O)[C@@H](COP(O)(O)=O)OC(=O)[C@@H]1O,IJOJIVNDFQSGAB-SQOUGZDYSA-N,IJOJIVNDFQSGAB,1,0,0,cpd00911,1
CHB_16977,L-alanine,C[C@@H]([NH3+])C([O-])=O,QNAYBMKLOCPYGJ-UWTATZPHSA-N,QNAYBMKLOCPYGJ,1,1,1,cpd00035,1
CHB_16995,oxalate-2,OC(=O)C(O)=O,MUBZPKHOEPUJKR-UHFFFAOYSA-N,MUBZPKHOEPUJKR,1,1,1,cpd00180,0
CHB_17044,D-sorbitol 6-phosphate,OC[C@H](O)[C@@H](O)[C@H](O)[C@H](O)COP(O)(O)=O,GACTWZZMVMUKNG-SLPGGIOYSA-N,GACTWZZMVMUKNG,1,0,0,cpd00491,1
CHB_17057,cellobiose,OC[C@H]1O[C@@H](O[C@H]2[C@H](O)[C@@H](O)C([O-])O[C@@H]2CO)[C@H](O)[C@@H](O)[C@@H]1O,SFDGWEFGUNYANH-CUHNMECISA-N,SFDGWEFGUNYANH,1,0,0,,0
CHB_17111,5-phospho--D-ribose 1-diphosphate,O[C@H]1[C@@H](O)[C@@H](OP([O-])(=O)OP([O-])([O-])=O)O[C@@H]1COP([O-])([O-])=O,PQGCEDQWHSBAJP-TXICZTDVSA-I,PQGCEDQWHSBAJP,1,0,0,cpd00103,1
CHB_17115,L-serine,N[C@@H](CO)C([O-])=O,MTCFGRXMJLQNBG-REOHCLBHSA-M,MTCFGRXMJLQNBG,1,1,1,cpd00054,1
CHB_17151,xylitol,OC[C@H](O)[C@@H]([O-])[C@H](O)CO,BJWHQFDBORSFJW-SCDXWVJYSA-N,BJWHQFDBORSFJW,1,0,0,,0
CHB_17153,propanal,CCC=O,NBBJYMSMWIIQGU-UHFFFAOYSA-N,NBBJYMSMWIIQGU,1,1,1,cpd00371,0
CHB_17170,Dimethylamine_+1,CNC,ROSDSFDQCJNGOL-UHFFFAOYSA-N,ROSDSFDQCJNGOL,0,0,1,cpd00425,0
CHB_17172,Deoxyguanosine,Nc1nc2n(cnc2c(=O)[nH]1)[C@H]1C[C@H](O)[C@@H](CO)O1,YKBGVTZYEHREMT-KVQBGUIXSA-N,YKBGVTZYEHREMT,1,1,1,cpd00277,0
CHB_17191,L-isoleusine,CC[C@H](C)[C@H]([NH3+])C(O)=O,AGPKZVBTJJNPAG-WHFBIAKZSA-O,AGPKZVBTJJNPAG,1,1,1,cpd00322,0
CHB_17196,L-asparagine,NC(=O)C[C@H]([NH3+])C([O-])=O,DCXYFEDJOCDNAF-REOHCLBHSA-N,DCXYFEDJOCDNAF,1,1,1,cpd00132,0
CHB_17201,glycylglycine_0,[NH3+]CC(=O)NCC(O)=O,YMAWOPBAYDPSLA-UHFFFAOYSA-O,YMAWOPBAYDPSLA,1,1,1,cpd01391,0
CHB_17202,IMP,O[C@@H]1[C@@H](COP([O-])([O-])=O)O[C@H]([C@@H]1[O-])n1cnc2c1nc[n-]c2=O,MZNCSUJTJFMPBQ-KQYNXXCUSA-K,MZNCSUJTJFMPBQ,1,1,1,,0
CHB_17203,(S)-proline,[O-]C(=O)[C@@H]1CCCN1,ONIBWKKTOPOVIA-BYPYZUCNSA-M,ONIBWKKTOPOVIA,1,1,1,cpd00129,1
CHB_17231,m-cresol,Cc1cccc(O)c1,RLSSMJSEOOYNOY-UHFFFAOYSA-N,RLSSMJSEOOYNOY,1,1,1,cpd01041,0
CHB_17239,CDP,Nc1ccn([C@@H]2O[C@H](COP(O)(=O)OP(O)(O)=O)[C@@H](O)[C@H]2O)c(=O)n1,ZWIADYZPOWUWEW-XVFCMESISA-N,ZWIADYZPOWUWEW,1,1,1,cpd00096,1
CHB_17256,2'-deoxyadenosine,Nc1[nH+]cnc2n(cnc12)[C@H]1C[C@H](O)[C@@H](CO)O1,OLXZPDWKRNYJJZ-RRKCRQDMSA-O,OLXZPDWKRNYJJZ,1,1,1,cpd00438,0
CHB_17272,propionate,CCC(O)=O,XBDQKXXYIPTUBI-UHFFFAOYSA-N,XBDQKXXYIPTUBI,1,1,1,cpd00141,1
CHB_17295,L-phenylalanine,N[C@@H](Cc1ccccc1)C([O-])=O,COLNVLDHVKWLRT-QMMMGPOBSA-M,COLNVLDHVKWLRT,1,1,1,cpd00066,1
CHB_17300,perchloroethylene (PCE),ClC(Cl)=C(Cl)Cl,CYTYCFOTNPOANT-UHFFFAOYSA-N,CYTYCFOTNPOANT,1,1,0,cpd04166,0
CHB_17306,maltose,OC[C@H]1O[C@H](O[C@H]2[C@H]([O-])[C@@H](O)[C@H]([O-])O[C@@H]2CO)[C@H]([O-])[C@@H](O)[C@@H]1O,SSMUATYPWJKMLA-QUYVBRFLSA-N,SSMUATYPWJKMLA,1,1,1,,0
CHB_17345,guanosine 5 '-phosphate,Nc1nc2n(cnc2c(=O)[nH]1)[C@@H]1O[C@H](COP(O)([O-])=O)[C@@H](O)[C@H]1O,RQFCJASXJCIDSX-UUOKFMHZSA-M,RQFCJASXJCIDSX,1,1,1,cpd00126,1
CHB_17361,CMP,Nc1ccn([C@@H]2O[C@H](COP(O)(O)=O)[C@@H](O)[C@H]2O)c(=O)n1,IERHLVCPSMICTF-XVFCMESISA-N,IERHLVCPSMICTF,1,1,1,cpd00046,1
CHB_17363,D-ribulose 5-phosphate,OCC(=O)[C@H](O)[C@H](O)COP([O-])([O-])=O,FNZLKVNUWIIPSJ-UHNVWZDZSA-L,FNZLKVNUWIIPSJ,1,0,0,cpd00171,1
CHB_17368,hypoxanthine,O=c1[n-]cnc2nc[n-]c12,NCTPILKYKCCYLW-UHFFFAOYSA-M,NCTPILKYKCCYLW,1,0,0,,0
CHB_17378,(R)-glyceraldehyde,OC[C@@H]([O-])C=O,TWUUVGNGOVXKHU-VKHMYHEASA-N,TWUUVGNGOVXKHU,1,0,0,,0
CHB_17418,pentanoic acid,CCCCC([O-])=O,NQPDZGIKBAWPEJ-UHFFFAOYSA-M,NQPDZGIKBAWPEJ,1,1,1,cpd00597,0
CHB_17489,adenosine 3':5'-(cyclic)phosphate,Nc1[nH+]cnc2n(cnc12)[C@@H]1O[C@@H]2COP(O)(=O)O[C@H]2[C@H]1O,IVOMOUWHDPKRLL-KQYNXXCUSA-O,IVOMOUWHDPKRLL,1,0,0,cpd00446,1
CHB_17552,GDP,Nc1nc2n(cnc2c(=O)[nH]1)[C@@H]1O[C@H](COP(O)(=O)OP(O)(O)=O)[C@@H](O)[C@H]1O,QGWNDRXFNXRZMB-UUOKFMHZSA-N,QGWNDRXFNXRZMB,1,1,1,cpd00031,1
CHB_17561,L-cysteine,[NH3+][C@@H](CS)C([O-])=O,XUJNEKJLAYXESH-REOHCLBHSA-N,XUJNEKJLAYXESH,1,1,1,cpd00084,0
CHB_17562,cytidine,Nc1ccn([C@@H]2O[C@H](CO)[C@@H](O)[C@H]2O)c(=O)n1,UHDGCWIWMRVCDJ-XVFCMESISA-N,UHDGCWIWMRVCDJ,1,1,1,cpd00367,1
CHB_17568,uracil,O=c1cc[nH]c(=O)[n-]1,ISAKRJDGNUQOIC-UHFFFAOYSA-M,ISAKRJDGNUQOIC,1,1,1,,0
CHB_17578,toluene,Cc1ccccc1,YXFVVABEGXRONW-UHFFFAOYSA-N,YXFVVABEGXRONW,1,1,1,cpd01034,0
CHB_17590,n-octane,CCCCCCCC,TVMXDCGIABBOFY-UHFFFAOYSA-N,TVMXDCGIABBOFY,1,1,1,cpd00998,0
CHB_17596,inosine,OC[C@H]1O[C@H]([C@H](O)[C@@H]1O)n1cnc2c([O-])ncnc12,UGQMRVRMYYASKQ-KQYNXXCUSA-M,UGQMRVRMYYASKQ,1,1,1,cpd00246,1
CHB_17622,dUMP,O[C@H]1C[C@@H](O[C@@H]1COP([O-])([O-])=O)n1ccc(=O)[nH]c1=O,JSRLJPSBLDHEIO-SHYZEUOFSA-L,JSRLJPSBLDHEIO,1,1,1,cpd00299,0
CHB_17625,dUTP,O[C@H]1C[C@@H](O[C@@H]1COP(O)(=O)OP(O)(=O)OP(O)(O)=O)n1ccc(=O)[nH]c1=O,AHCYMLUZIRLXAA-SHYZEUOFSA-N,AHCYMLUZIRLXAA,1,1,1,cpd00358,0
CHB_17659,UDP,O[C@@H]1[C@@H](COP(O)(=O)OP(O)(O)=O)O[C@H]([C@@H]1O)n1ccc(=O)[nH]c1=O,XCCTYIAWTASOJW-XVFCMESISA-N,XCCTYIAWTASOJW,1,1,1,cpd00014,1
CHB_17677,CTP,Nc1ccn([C@@H]2O[C@H](COP(O)(=O)OP(O)(=O)OP(O)(O)=O)[C@@H](O)[C@H]2O)c(=O)n1,PCDQPRRSZKQHHS-XVFCMESISA-N,PCDQPRRSZKQHHS,1,1,1,cpd00052,1
CHB_17709,adenylyl sulfate,Nc1[nH+]cnc2n(cnc12)[C@@H]1O[C@H](COP(O)(=O)OS([O-])(=O)=O)[C@@H](O)[C@H]1O,IRLPACMLTUPBCL-KQYNXXCUSA-N,IRLPACMLTUPBCL,1,0,0,cpd00193,1
CHB_17713,dAMP,Nc1[nH+]cnc2n(cnc12)[C@H]1C[C@H](O)[C@@H](COP(O)(O)=O)O1,KHWCHTKSEGGWEX-RRKCRQDMSA-O,KHWCHTKSEGGWEX,1,1,1,cpd00294,1
CHB_17742,4-hydroxy-2-oxoglutarate,OC(CC(=O)C(O)=O)C(O)=O,WXSKVKPSMAHCSG-UHFFFAOYSA-N,WXSKVKPSMAHCSG,1,0,0,cpd00830,1
CHB_17748,thymidine,Cc1cn([C@H]2C[C@H](O)[C@@H](CO)O2)c(=O)[n-]c1=O,IQFYYKKMVGJFEH-XLPZGREQSA-M,IQFYYKKMVGJFEH,1,1,1,cpd00184,0
CHB_17754,glycerol,OCC(O)CO,PEDCQBHIVMGVHV-UHFFFAOYSA-N,PEDCQBHIVMGVHV,1,1,1,cpd00100,1
CHB_17775,urate,O=c1[nH]c2[nH]c(=O)[n-]c(=O)c2[nH]1,LEHOTFFKMJEONL-UHFFFAOYSA-M,LEHOTFFKMJEONL,1,0,0,cpd00300,0
CHB_17790,methanol,CO,OKKJLVBELUTLKV-UHFFFAOYSA-N,OKKJLVBELUTLKV,1,1,1,cpd00116,0
CHB_17794,(R)-3-phosphoglycerate,O[C@H](COP(O)(O)=O)C(O)=O,OSJPPGNTCRNQQC-UWTATZPHSA-N,OSJPPGNTCRNQQC,1,0,0,cpd00169,1
CHB_17808,IDP,O[C@@H]1[C@@H](COP([O-])(=O)OP([O-])([O-])=O)O[C@H]([C@@H]1O)n1cnc2c1nc[n-]c2=O,DGRLHDWMQVZZIF-KQYNXXCUSA-J,DGRLHDWMQVZZIF,1,1,1,,0
CHB_17821,thymine,Cc1c[nH]c(=O)[n-]c1=O,RWQNBRDOKXIBIV-UHFFFAOYSA-M,RWQNBRDOKXIBIV,1,1,1,,0
CHB_17824,2-propanol,CC(C)O,KFZMGEQAYNKOFK-UHFFFAOYSA-N,KFZMGEQAYNKOFK,1,1,1,cpd01269,1
CHB_17835,2-phospho-D-glycerate,OC[C@@H](OP(O)([O-])=O)C(O)=O,GXIURPTVHJPJLF-UWTATZPHSA-M,GXIURPTVHJPJLF,1,0,0,cpd00482,1
CHB_17847,p-cresol,Cc1ccc(O)cc1,IWDCLRJOBJJRNH-UHFFFAOYSA-N,IWDCLRJOBJJRNH,1,1,1,cpd01042,0
CHB_17859,glutaric acid,OC(=O)CCCC([O-])=O,JFCQEDHGNNZCLN-UHFFFAOYSA-M,JFCQEDHGNNZCLN,1,1,1,cpd00379,0
CHB_17895,L-tyrosine,[NH3+][C@@H](Cc1ccc(O)cc1)C([O-])=O,OUYCCCASQSFEME-QMMMGPOBSA-N,OUYCCCASQSFEME,1,1,1,cpd00069,1
CHB_17924,D-sorbitol,OC[C@H](O)[C@@H](O)[C@H]([O-])[C@H](O)CO,UKEOJZXZJYBCKF-SLPGGIOYSA-N,UKEOJZXZJYBCKF,1,0,0,,0
CHB_17935,octanal,CCCCCCCC=O,NUJGJRNETVAIRJ-UHFFFAOYSA-N,NUJGJRNETVAIRJ,1,1,1,cpd01088,1
CHB_17992,sucrose,OC[C@H]1O[C@@](CO)(O[C@H]2O[C@H](CO)[C@@H](O)[C@H](O)[C@H]2O)[C@@H](O)[C@@H]1O,CZMRCDWAGMRECN-UGDNZRGBSA-N,CZMRCDWAGMRECN,1,1,1,cpd00076,1
CHB_18009,NADP,NC(=O)c1ccc[n+](c1)[C@@H]1O[C@H](COP([O-])(=O)OP(O)(=O)OC[C@H]2O[C@H]([C@H](OP(O)([O-])=O)[C@@H]2O)n2cnc3c(N)ncnc23)[C@@H](O)[C@H]1O,XJLXINKUBYWONI-NNYOXOHSSA-M,XJLXINKUBYWONI,1,1,1,cpd00006,1
CHB_18019,L-lysine,NCCCC[C@@H](N)C([O-])=O,KDXKERNSBIXSRK-RXMQYKEDSA-M,KDXKERNSBIXSRK,1,1,1,cpd00039,1
CHB_18021,phosphoenolpyruvate,OC(=O)C(=C)OP(O)(O)=O,DTBNBXWJWCWCIK-UHFFFAOYSA-N,DTBNBXWJWCWCIK,1,1,1,cpd00061,1
CHB_18050,L-glutamine,NC(=O)CC[C@H]([NH3+])C([O-])=O,ZDXPYRJPNDTMRX-VKHMYHEASA-N,ZDXPYRJPNDTMRX,1,1,1,cpd00053,1
CHB_18075,dTDP,Cc1cn([C@H]2C[C@H](O)[C@@H](COP([O-])(=O)OP([O-])([O-])=O)O2)c(=O)[nH]c1=O,UJLXYODCHAELLY-XLPZGREQSA-K,UJLXYODCHAELLY,1,1,1,cpd00297,1
CHB_18077,dTTP,Cc1cn([C@H]2C[C@H](O)[C@@H](COP([O-])(=O)OP([O-])(=O)OP([O-])([O-])=O)O2)c(=O)[n-]c1=O,LSABUUHQCAAXGY-XLPZGREQSA-I,LSABUUHQCAAXGY,1,1,1,,0
CHB_18110,3-phosphonooxypyruvate,[O-]C(=O)C(=O)COP([O-])([O-])=O,LFLUCDOSQPJJBE-UHFFFAOYSA-K,LFLUCDOSQPJJBE,1,0,0,cpd02069,1
CHB_18139,Trimethylamine,C[NH+](C)C,GETQZCLCWQTVFV-UHFFFAOYSA-O,GETQZCLCWQTVFV,0,0,1,cpd00441,0
CHB_18153,ethylene,C=C,VGGSQFUCUMXWEO-UHFFFAOYSA-N,VGGSQFUCUMXWEO,1,1,1,cpd03956,0
CHB_18202,L-iditol,OC[C@H](O)[C@@H](O)[C@H](O)[C@@H](O)CO,FBPFZTCFMRRESA-UNTFVMJOSA-N,FBPFZTCFMRRESA,1,0,0,cpd00314,1
CHB_18391,D-gluconate,OC[C@@H](O)[C@@H](O)[C@H](O)[C@@H](O)C([O-])=O,RGHNJXZEOKUKBD-SQOUGZDYSA-M,RGHNJXZEOKUKBD,1,0,0,cpd00222,1
CHB_18466,,CC(=C)C1CCC(C)=CC1,XMGQYMWWDOXHJM-UHFFFAOYSA-N,XMGQYMWWDOXHJM,0,0,1,cpd00407,0
CHB_23012,,S=C=S,QGJOPFRUJISHPQ-UHFFFAOYSA-N,QGJOPFRUJISHPQ,0,0,1,cpd20293,0
CHB_23975,ethane,CC,OTMSDBZUPAUEDD-UHFFFAOYSA-N,OTMSDBZUPAUEDD,1,1,1,cpd25641,0
CHB_24579,1-hexene,CCCCC=C,LIKMAJRDDDTEIG-UHFFFAOYSA-N,LIKMAJRDDDTEIG,1,1,1,,0
CHB_25462,n-butane,CCCC,IJDNQMDRQITEOD-UHFFFAOYSA-N,IJDNQMDRQITEOD,1,1,1,cpd33030,0
CHB_25888,n-pentane,CCCCC,OFBQJSOFQDEBGM-UHFFFAOYSA-N,OFBQJSOFQDEBGM,1,1,1,cpd25626,0
CHB_2604,,OCC=C,XXROGKLTLUQVRX-UHFFFAOYSA-N,XXROGKLTLUQVRX,0,0,1,cpd01369,0
CHB_26877,,CC(C)(C)O,DKGAVHZHDRPRBM-UHFFFAOYSA-N,DKGAVHZHDRPRBM,0,0,1,cpd33147,0
CHB_27750,ethyl_acetate,CCOC(C)=O,XEKOWRVHYACXOJ-UHFFFAOYSA-N,XEKOWRVHYACXOJ,1,1,1,cpd00633,0
CHB_27856,acetamide,CC(N)=O,DLFVBJFMPXGRIB-UHFFFAOYSA-N,DLFVBJFMPXGRIB,1,1,1,cpd03734,0
CHB_27869,Monochloroacetic acid,[O-]C(=O)CCl,FOCAUTSVDIKZOP-UHFFFAOYSA-M,FOCAUTSVDIKZOP,1,1,1,cpd04135,0
CHB_28054,o-cresol,Cc1ccccc1O,QWVGKYWNOKOFNN-UHFFFAOYSA-N,QWVGKYWNOKOFNN,1,1,1,cpd01087,0
CHB_28189,isomaltose,OC[C@H]1O[C@H](OC[C@H]2OC([O-])[C@H](O)[C@@H](O)[C@@H]2O)[C@H]([O-])[C@@H](O)[C@@H]1O,YQJSVOSKXPWGKE-RTPHMHGBSA-N,YQJSVOSKXPWGKE,1,1,1,,0
CHB_28306,,NNC(N)=O,DUIOPKIIICUYRZ-UHFFFAOYSA-N,DUIOPKIIICUYRZ,0,0,1,,0
CHB_28509,vinyl chloride (VC),ClC=C,BZHJMEDXRYGGRV-UHFFFAOYSA-N,BZHJMEDXRYGGRV,1,1,0,cpd04170,0
CHB_28543,D-lyxose,O[C@@H]1CO[C@H]([O-])[C@@H](O)[C@H]1O,QHOAABJERQTAGE-STGXQOJASA-N,QHOAABJERQTAGE,1,1,1,,0
CHB_28552,D-ribulose,OC[C@]1(O)OC[C@@H](O)[C@H]1O,LQXVFWRQNMEDEE-WDCZJNDASA-N,LQXVFWRQNMEDEE,1,1,1,cpd05268,0
CHB_28805,"cis-1,2-dichloroethylene (cis-1,2-DCE)",Cl\C=C/Cl,KFUSEUYYWQURPO-UPHRSURJSA-N,KFUSEUYYWQURPO,1,1,0,cpd04168,0
CHB_28826,CH3F,CF,NBVXSUQYWXRMNV-UHFFFAOYSA-N,NBVXSUQYWXRMNV,0,0,1,,0
CHB_28831,propan-1-ol,CCCO,BDERNNFJNOPAEC-UHFFFAOYSA-N,BDERNNFJNOPAEC,1,1,1,cpd03559,0
CHB_28837,n-octanoic acid,CCCCCCCC([O-])=O,WWZKQHOCKIZLMA-UHFFFAOYSA-M,WWZKQHOCKIZLMA,1,1,1,cpd03846,0
CHB_28846,dCDP,Nc1ccn([C@H]2C[C@H](O)[C@@H](COP(O)(=O)OP(O)([O-])=O)O2)c(=O)n1,FTDHDKPUHBLBTL-SHYZEUOFSA-M,FTDHDKPUHBLBTL,1,1,1,cpd00533,1
CHB_28850,dUDP2-,O[C@H]1C[C@@H](O[C@@H]1COP(O)(=O)OP(O)(O)=O)n1ccc(=O)[nH]c1=O,QHWZTVCCBMIIKE-SHYZEUOFSA-N,QHWZTVCCBMIIKE,1,1,1,cpd00978,0
CHB_28862,dGDP,Nc1nc2n(cnc2c(=O)[nH]1)[C@H]1C[C@H](O)[C@@H](COP([O-])(=O)OP(O)([O-])=O)O1,CIKGWCTVFSRMJU-KVQBGUIXSA-L,CIKGWCTVFSRMJU,1,1,1,cpd00295,1
CHB_28885,1-butanol,CCCCO,LRHPLDYGYMQRHN-UHFFFAOYSA-N,LRHPLDYGYMQRHN,1,1,1,cpd03662,1
CHB_28907,"2,3-bpg_-4",OC(=O)C(COP(O)(O)=O)OP(O)([O-])=O,XOHUEYCVLUUEJJ-UHFFFAOYSA-M,XOHUEYCVLUUEJJ,1,0,0,cpd00853,0
CHB_29005,cyclohexane,C1CCCCC1,XDTMQSROBMDMFD-UHFFFAOYSA-N,XDTMQSROBMDMFD,0,0,1,cpd08112,0
CHB_29019,nonanoic acid,CCCCCCCCC([O-])=O,FBUKVWPVBMHYJY-UHFFFAOYSA-M,FBUKVWPVBMHYJY,1,1,1,cpd01126,0
CHB_29021,n-hexane,CCCCCC,VLKZOEOYAKHREP-UHFFFAOYSA-N,VLKZOEOYAKHREP,1,1,1,cpd08132,0
CHB_29027,"trans-1,2-dichloroethylene (trans-1,2,-DCE)",Cl\C=C\Cl,KFUSEUYYWQURPO-OWOJBTEDSA-N,KFUSEUYYWQURPO,1,1,0,cpd04168,0
CHB_29052,D-glyceraldehyde-3-phosphate,O[C@H](COP(O)(O)=O)C=O,LXJXRIRHZLFYRP-VKHMYHEASA-N,LXJXRIRHZLFYRP,1,0,0,cpd00102,1
CHB_29805,glycolate,OCC([O-])=O,AEMRFAOFKBGASW-UHFFFAOYSA-M,AEMRFAOFKBGASW,1,1,1,cpd00139,1
CHB_29806,fumarate,[O-]C(=O)\C=C\C([O-])=O,VZCYOOQTPOCHFL-OWOJBTEDSA-L,VZCYOOQTPOCHFL,1,1,1,cpd00106,1
CHB_29985,L-glutamate,[NH3+][C@@H](CCC(O)=O)C([O-])=O,WHUUTDBJXJRKMK-VKHMYHEASA-N,WHUUTDBJXJRKMK,1,1,1,cpd00023,1
CHB_29991,L-aspartate,[NH3+][C@@H](CC([O-])=O)C([O-])=O,CKLJMWTZIZZHCS-REOHCLBHSA-M,CKLJMWTZIZZHCS,1,1,1,cpd00041,1
CHB_30031,succinate,[O-]C(=O)CCC([O-])=O,KDYFGRWQOYBRFD-UHFFFAOYSA-L,KDYFGRWQOYBRFD,1,1,1,cpd00036,1
CHB_30089,acetate,CC([O-])=O,QTBSBXVTEAMEQO-UHFFFAOYSA-M,QTBSBXVTEAMEQO,1,1,1,cpd00029,1
CHB_301,,[H][C@@]1(CC=C(C)C=C1)C(C)C,OGLDWXZKYODSOB-SNVBAGLBSA-N,OGLDWXZKYODSOB,0,0,1,cpd06765,0
CHB_30358,,CC(C)(C)C,CRSOQBOWXPBRES-UHFFFAOYSA-N,CRSOQBOWXPBRES,0,0,1,,0
CHB_30362,2-methylbutane (Isopentane),CCC(C)C,QWTDNUCVQCZILF-UHFFFAOYSA-N,QWTDNUCVQCZILF,1,1,1,,0
CHB_30363,2-methylpropane (isobutane),CC(C)C,NNPPMTNAJDCUHE-UHFFFAOYSA-N,NNPPMTNAJDCUHE,1,1,1,,0
CHB_30531,H-pimelate-,OC(=O)CCCCCC(O)=O,WLJVNTCWHIRURA-UHFFFAOYSA-N,WLJVNTCWHIRURA,1,1,1,cpd01727,0
CHB_30719,2-methylmaleate,C\C(=C\C([O-])=O)C([O-])=O,HNEGQIOMVPPMNR-IHWYPQMZSA-L,HNEGQIOMVPPMNR,1,0,0,cpd01194,1
CHB_30744,keto-oxaloacetate,OC(=O)CC(=O)C(O)=O,KHPXUQMNIQBQEV-UHFFFAOYSA-N,KHPXUQMNIQBQEV,1,1,1,cpd00032,1
CHB_30746,benzoic acid,OC(=O)c1ccccc1,WPYMKLBDIGXBTP-UHFFFAOYSA-N,WPYMKLBDIGXBTP,1,1,1,cpd00153,0
CHB_30769,citrate,OC(=O)CC(O)(CC(O)=O)C([O-])=O,KRKNYBCHXYNGOX-UHFFFAOYSA-M,KRKNYBCHXYNGOX,1,1,1,cpd00137,1
CHB_30772,butanoate,CCCC(O)=O,FERIUCNNQQJTOY-UHFFFAOYSA-N,FERIUCNNQQJTOY,1,1,1,cpd00211,0
CHB_30776,hexanoic acid,CCCCCC(O)=O,FUZZWVXGSFPDMH-UHFFFAOYSA-N,FUZZWVXGSFPDMH,1,1,1,cpd01113,0
CHB_30780,maleate,OC(=O)\C=C/C(O)=O,VZCYOOQTPOCHFL-UPHRSURJSA-N,VZCYOOQTPOCHFL,1,0,0,cpd00106,1
CHB_30794,malonic acid,OC(=O)CC([O-])=O,OFOBLEOULBTSOW-UHFFFAOYSA-M,OFOBLEOULBTSOW,1,1,1,cpd00308,0
CHB_30805,1-dodecanoic acid,CCCCCCCCCCCC(O)=O,POULHZVOKOAJMA-UHFFFAOYSA-N,POULHZVOKOAJMA,1,1,1,cpd01741,0
CHB_30813,n-decanoic acid,CCCCCCCCCC(O)=O,GHVNFZFCNZKVNT-UHFFFAOYSA-N,GHVNFZFCNZKVNT,1,1,1,cpd01107,0
CHB_30832,H-adipate-,OC(=O)CCCCC([O-])=O,WNLRTRBMVRJNCN-UHFFFAOYSA-M,WNLRTRBMVRJNCN,1,1,1,cpd03642,0
CHB_30841,hydroxypyruvate,OCC(=O)C([O-])=O,HHDDCCUIIUWNGJ-UHFFFAOYSA-M,HHDDCCUIIUWNGJ,1,0,0,cpd00145,1
CHB_30934,(R)-2-methylmalate,C[C@@](O)(CC(O)=O)C(O)=O,XFTRTWQBIOMVPK-RXMQYKEDSA-N,XFTRTWQBIOMVPK,1,0,0,cpd00607,1
CHB_30956,Trichloroacetic acid,OC(=O)C(Cl)(Cl)Cl,YNJBWRMUSHSURL-UHFFFAOYSA-N,YNJBWRMUSHSURL,1,1,0,cpd08028,0
CHB_31328,butyl acetate,CCCCOC(C)=O,DKPFZGUDAPQIHT-UHFFFAOYSA-N,DKPFZGUDAPQIHT,0,0,1,cpd09076,0
CHB_31457,decanal,CCCCCCCCCC=O,KSMVZQYAVGTKIV-UHFFFAOYSA-N,KSMVZQYAVGTKIV,1,1,1,cpd09079,0
CHB_31571,,CCOC(=O)CC(C)C,PPXUHEORWJQRHJ-UHFFFAOYSA-N,PPXUHEORWJQRHJ,0,0,1,,0
CHB_31574,,CCCCCCCC(=O)OCC,YYZUSRORWSJGET-UHFFFAOYSA-N,YYZUSRORWSJGET,0,0,1,cpd09064,0
CHB_31725,,CC(C)CCOC(C)=O,MLFHJEHSLIIPHL-UHFFFAOYSA-N,MLFHJEHSLIIPHL,0,0,1,cpd09068,0
CHB_31726,,[H]C(=O)OCCC(C)C,XKYICAQFSCFURC-UHFFFAOYSA-N,XKYICAQFSCFURC,0,0,1,,0
CHB_32368,undecanoic acid,CCCCCCCCCCC(O)=O,ZDPHROOEEOARMN-UHFFFAOYSA-N,ZDPHROOEEOARMN,1,1,1,cpd15643,0
CHB_32797,hydroxyglutarate_-2,O[C@@H](CCC(O)=O)C(O)=O,HWXBTNAVRSUOJR-VKHMYHEASA-N,HWXBTNAVRSUOJR,1,0,0,cpd00795,1
CHB_32879,propane,CCC,ATUOYWHBWRKTHZ-UHFFFAOYSA-N,ATUOYWHBWRKTHZ,1,1,1,cpd31345,0
CHB_32891,n-heptane,CCCCCCC,IMNFDUFMRHMDMM-UHFFFAOYSA-N,IMNFDUFMRHMDMM,1,1,1,,0
CHB_32892,,CCCCCCCCC,BKIMMITUMNQMOS-UHFFFAOYSA-N,BKIMMITUMNQMOS,0,0,1,,0
CHB_32893,,CCCCCCCCCO,ZWRUINPWMLAQRD-UHFFFAOYSA-N,ZWRUINPWMLAQRD,0,0,1,cpd10394,0
CHB_32894,,CCCCCCCCCC,DIOQZVSQGTUSAI-UHFFFAOYSA-N,DIOQZVSQGTUSAI,0,0,1,,0
CHB_32899,,CCCCCCCCCCC,RSJKGSCJYJTIGS-UHFFFAOYSA-N,RSJKGSCJYJTIGS,0,0,1,,0
CHB_32901,,CCCCCCCCCCCCC,IIYFAKIEWZDVMP-UHFFFAOYSA-N,IIYFAKIEWZDVMP,0,0,1,cpd09654,0
CHB_32907,,CCCCCCCCCCCCCC,BGHCVCJVXZWKCC-UHFFFAOYSA-N,BGHCVCJVXZWKCC,0,0,1,,0
CHB_33181,,CC(C)Cc1ccccc1,KXUHSQYYJYAXGZ-UHFFFAOYSA-N,KXUHSQYYJYAXGZ,0,0,1,,0
CHB_33185,,CCl,NEHMKBQYUWJMIP-UHFFFAOYSA-N,NEHMKBQYUWJMIP,0,0,1,cpd20702,0
CHB_34031,"1,1-dichloroethylene (1,1-DCE)",ClC(Cl)=C,LGXVIGDEPROXKC-UHFFFAOYSA-N,LGXVIGDEPROXKC,1,1,0,cpd09766,0
CHB_34037,,Cc1cccc(C)c1C,FYGHSUNMUKGBRK-UHFFFAOYSA-N,FYGHSUNMUKGBRK,0,0,1,,0
CHB_34038,,Cc1cc(C)c(C)cc1C,SQNZJJAZBFDUTD-UHFFFAOYSA-N,SQNZJJAZBFDUTD,0,0,1,,0
CHB_34039,,Cc1ccc(C)c(C)c1,GWHJZXXIDMPWGX-UHFFFAOYSA-N,GWHJZXXIDMPWGX,0,0,1,,0
CHB_34241,"2,4 dimethylphenol",Cc1ccc(O)c(C)c1,KUFFULVDNCHOFZ-UHFFFAOYSA-N,KUFFULVDNCHOFZ,1,1,1,,0
CHB_34276,,CCc1ccccc1C,HYFLWBNQFMXCPA-UHFFFAOYSA-N,HYFLWBNQFMXCPA,0,0,1,,0
CHB_34656,,CC(C)c1ccccc1,RWGFKTVRMDUZSP-UHFFFAOYSA-N,RWGFKTVRMDUZSP,0,0,1,,0
CHB_34787,heptanal,CCCCCCC=O,FXHGMKSSBGDXIY-UHFFFAOYSA-N,FXHGMKSSBGDXIY,1,1,1,cpd10089,0
CHB_34833,,Cc1cc(C)cc(C)c1,AUHZEENZYGFFBQ-UHFFFAOYSA-N,AUHZEENZYGFFBQ,0,0,1,,0
CHB_35097,,CCC(C)c1ccccc1,ZJMWRROPUADPEA-UHFFFAOYSA-N,ZJMWRROPUADPEA,0,0,1,,0
CHB_35194,,CC(=C)C=C,RRHGJUQNOFWUDK-UHFFFAOYSA-N,RRHGJUQNOFWUDK,0,0,1,cpd16336,0
CHB_35374,D-mannose 1-phosphate,OC[C@H]1OC(OP(O)(O)=O)[C@@H](O)[C@@H](O)[C@@H]1O,HXXFSFRBOHSIMQ-QTVWNMPRSA-N,HXXFSFRBOHSIMQ,1,0,0,cpd00089,1
CHB_35425,D-ribose 1-phosphate,OC[C@H]1OC(OP(O)([O-])=O)[C@H](O)[C@@H]1O,YXJDFQJKERBOBM-SOOFDHNKSA-M,YXJDFQJKERBOBM,1,1,1,cpd00475,1
CHB_35619,ABA (a-aminobutyric acid),CC[C@H]([NH3+])C([O-])=O,QWCKQJZIFLGMSD-VKHMYHEASA-N,QWCKQJZIFLGMSD,1,1,1,cpd01573,0
CHB_35687,(1)-2-butanol,CCC(C)O,BTANRVKWQNVYAZ-UHFFFAOYSA-N,BTANRVKWQNVYAZ,0,0,1,cpd24405,0
CHB_35697,trans-cinnamate,OC(=O)\C=C\c1ccccc1,WBYWAXJHAXSJNI-VOTSOKGWSA-N,WBYWAXJHAXSJNI,1,0,0,cpd00333,1
CHB_36219,lactose,OC[C@H]1O[C@@H](O[C@H]2[C@H]([O-])[C@@H](O)[C@@H]([O-])O[C@@H]2CO)[C@H]([O-])[C@@H](O)[C@H]1O,SSMUATYPWJKMLA-XLOQQCSPSA-N,SSMUATYPWJKMLA,1,1,1,,0
CHB_36386,Dichloroacetic acid,[O-]C(=O)C(Cl)Cl,JXTHNDFMNIQAHM-UHFFFAOYSA-M,JXTHNDFMNIQAHM,1,1,0,cpd08027,0
CHB_36404,,C1CCC=CC1,HGCIXCUEYOPUTN-UHFFFAOYSA-N,HGCIXCUEYOPUTN,0,0,1,,0
CHB_36632,o-toluic acid,Cc1ccccc1C(O)=O,ZWLPBLYKEWSWPD-UHFFFAOYSA-N,ZWLPBLYKEWSWPD,1,1,1,cpd04453,0
CHB_36635,4-methylbenzoic acid,Cc1ccc(cc1)C(O)=O,LPNBBFKOUUSUDB-UHFFFAOYSA-N,LPNBBFKOUUSUDB,1,1,1,cpd01033,0
CHB_37480,D-galactose 1-phosphate,OC[C@H]1OC(OP([O-])([O-])=O)[C@H](O)[C@@H](O)[C@H]1O,HXXFSFRBOHSIMQ-SVZMEOIVSA-L,HXXFSFRBOHSIMQ,1,0,0,cpd00089,1
CHB_37611,,C1C=CCC=C1,UVJHQYIOXKWHFD-UHFFFAOYSA-N,UVJHQYIOXKWHFD,0,0,1,,0
CHB_37721,D-fructose,OC[C@H]1OC(O)(CO)[C@@H](O)[C@@H]1O,RFSUNEUAIZKAJO-VRPWFDPXSA-N,RFSUNEUAIZKAJO,1,1,1,cpd00082,1
CHB_37869,,CCCCCCC(C)O,SJWFXCIHNDVPSH-UHFFFAOYSA-N,SJWFXCIHNDVPSH,0,0,1,cpd39857,0
CHB_38572,"3,5-dimethylphenol",Cc1cc(C)cc([O-])c1,TUAMRELNJMMDMT-UHFFFAOYSA-M,TUAMRELNJMMDMT,1,1,1,cpd32272,0
CHB_38997,,Cc1ccc(C)c(C)c1C,UOHMMEJUHBCKEE-UHFFFAOYSA-N,UOHMMEJUHBCKEE,0,0,1,,0
CHB_38998,,Cc1cc(C)c(C)c(C)c1C,BEZDDPMMPIDMGJ-UHFFFAOYSA-N,BEZDDPMMPIDMGJ,0,0,1,,0
CHB_39001,,Cc1c(C)c(C)c(C)c(C)c1C,YUWFEBAXEOLKSG-UHFFFAOYSA-N,YUWFEBAXEOLKSG,0,0,1,,0
CHB_39478,,C=CC=C,KAKZBPTYRLMSJV-UHFFFAOYSA-N,KAKZBPTYRLMSJV,0,0,1,,0
CHB_39832,,CCOC,XOBKSJJDNFUZPF-UHFFFAOYSA-N,XOBKSJJDNFUZPF,0,0,1,,0
CHB_39839,"3,4-dimethylphenol",Cc1ccc(O)cc1C,YCOXTKKNXUZSKD-UHFFFAOYSA-N,YCOXTKKNXUZSKD,1,1,1,,0
CHB_39870,1-propanamine (propylamine),CCC[NH3+],WGYKZJWCGVVSQN-UHFFFAOYSA-O,WGYKZJWCGVVSQN,1,1,1,,0
CHB_40116,,CCCOC(C)=O,YKYONYBAUNKHLG-UHFFFAOYSA-N,YKYONYBAUNKHLG,0,0,1,cpd33154,0
CHB_4013,,OC1CCCCC1,HPXRVTGHNJAIIH-UHFFFAOYSA-N,HPXRVTGHNJAIIH,0,0,1,cpd00636,1
CHB_40595,"D-fructose 1,6-bisphosphate",O[C@H]1[C@H](O)[C@](O)(COP(O)(O)=O)O[C@@H]1COP(O)(O)=O,RNBGYGVWRKECFJ-ZXXMMSQZSA-N,RNBGYGVWRKECFJ,1,1,1,cpd00290,1
CHB_4139,D-galactose,OC[C@H]1OC([O-])[C@H](O)[C@@H](O)[C@H]1O,CFLCHEDPLHXTBC-SVZMEOIVSA-N,CFLCHEDPLHXTBC,1,1,1,,0
CHB_4141,D-galactose 6-phosphate,OC1O[C@H](COP(O)(O)=O)[C@H](O)[C@H](O)[C@H]1O,NBSCHQHZLSJFNQ-SVZMEOIVSA-N,NBSCHQHZLSJFNQ,1,0,0,cpd00079,1
CHB_4167,D-glucose,OC[C@H]1OC([O-])[C@H](O)[C@@H](O)[C@@H]1[O-],RQNYRQPSLTURLH-GASJEMHNSA-N,RQNYRQPSLTURLH,1,1,1,,0
CHB_4170,D-glucose 6-phosphate,OC1O[C@H](COP(O)(O)=O)[C@@H](O)[C@H](O)[C@H]1O,NBSCHQHZLSJFNQ-GASJEMHNSA-N,NBSCHQHZLSJFNQ,1,1,1,cpd00079,1
CHB_41865,sebacic acid,[O-]C(=O)CCCCCCCCC([O-])=O,CXMXRPHRNRROMY-UHFFFAOYSA-L,CXMXRPHRNRROMY,1,1,1,cpd05192,0
CHB_4208,D-mannose,OC[C@H]1OC([O-])[C@@H](O)[C@@H](O)[C@@H]1O,CFLCHEDPLHXTBC-QTVWNMPRSA-N,CFLCHEDPLHXTBC,1,1,1,,0
CHB_42263,,COCCOC,XTHFKEDIFFGKHM-UHFFFAOYSA-N,XTHFKEDIFFGKHM,0,0,1,,0
CHB_42630,n-propylbenzene,CCCc1ccccc1,ODLMAHJVESYWTB-UHFFFAOYSA-N,ODLMAHJVESYWTB,1,1,1,,0
CHB_43799,1-butanamine (butylamine),CCCCN,HQABUPZFAYXKJW-UHFFFAOYSA-N,HQABUPZFAYXKJW,1,1,1,cpd19969,0
CHB_43896,D-mannose 6-phosphate,O[C@H]1O[C@H](COP(O)(O)=O)[C@@H](O)[C@H](O)[C@@H]1O,NBSCHQHZLSJFNQ-PQMKYFCFSA-N,NBSCHQHZLSJFNQ,1,1,1,cpd00079,1
CHB_43907,,CC(C)=C,VQTUBCCKSQIDNK-UHFFFAOYSA-N,VQTUBCCKSQIDNK,0,0,1,cpd35106,0
CHB_44194,n-butylbenzene,CCCCc1ccccc1,OCKPCBLVNKHBMX-UHFFFAOYSA-N,OCKPCBLVNKHBMX,1,1,1,,0
CHB_44499,,CCCCCCCCC(=O)OC,IJXHLVMUNBOGRR-UHFFFAOYSA-N,IJXHLVMUNBOGRR,0,0,1,,0
CHB_44884,1-pentanol,CCCCCO,AMQJEAYHLZJPGS-UHFFFAOYSA-N,AMQJEAYHLZJPGS,1,1,1,cpd16586,0
CHB_45074,pentanal,CCCCC=O,HGBOYTHUEUWSSQ-UHFFFAOYSA-N,HGBOYTHUEUWSSQ,1,1,1,cpd15621,0
CHB_4526,,CCSCC,LJSQFQKUNVCTIA-UHFFFAOYSA-N,LJSQFQKUNVCTIA,0,0,1,,0
CHB_45422,propanamide,CCC(N)=O,QLNJFJADRCOGBJ-UHFFFAOYSA-N,QLNJFJADRCOGBJ,1,1,1,cpd27812,0
CHB_45506,D-ribose,OC[C@H]1O[C@H]([O-])[C@H](O)[C@@H]1O,BDUVMGWGHRDHAJ-AIHAYLRMSA-N,BDUVMGWGHRDHAJ,1,1,1,,0
CHB_45571,heptanoic acid,CCCCCCC([O-])=O,MNWFXJYAOYHMED-UHFFFAOYSA-M,MNWFXJYAOYHMED,1,1,1,cpd15608,0
CHB_4608,,CSSC,WQOXQRCZOLPYPM-UHFFFAOYSA-N,WQOXQRCZOLPYPM,0,0,1,cpd05283,0
CHB_4611,,CSC,QMMFVYPAHWMCMS-UHFFFAOYSA-N,QMMFVYPAHWMCMS,0,0,1,cpd00450,0
CHB_4651,,CCCSSCCC,ALVPFGSHPUPROW-UHFFFAOYSA-N,ALVPFGSHPUPROW,0,0,1,,0
CHB_46645,2-methyl-1-propanol,CC(C)CO,ZXEKIIBDNHEJCQ-UHFFFAOYSA-N,ZXEKIIBDNHEJCQ,0,0,1,cpd10408,0
CHB_46708,1-octene,CCCCCCC=C,KWKAKUADMBZCLK-UHFFFAOYSA-N,KWKAKUADMBZCLK,1,1,1,,0
CHB_4675,,CCCCCCCCCCCC,SNRUBQQJIBEYMU-UHFFFAOYSA-N,SNRUBQQJIBEYMU,0,0,1,,0
CHB_4678,,CCCCCCCCCCCCO,LQZZUXJYWNFBMV-UHFFFAOYSA-N,LQZZUXJYWNFBMV,0,0,1,cpd01534,0
CHB_46994,D-arabinose,O[C@@H]1COC([O-])[C@@H](O)[C@@H]1O,QHOAABJERQTAGE-ZRMNMSDTSA-N,QHOAABJERQTAGE,1,1,1,,0
CHB_48086,1-propyne,CC#C,MWWATHDPGQKSAR-UHFFFAOYSA-N,MWWATHDPGQKSAR,1,1,0,,0
CHB_48087,1-butyne,CCC#C,KDKYADYSIPSCCQ-UHFFFAOYSA-N,KDKYADYSIPSCCQ,1,1,0,,0
CHB_48131,azelaic acid,OC(=O)CCCCCCCC(O)=O,BDJRBEYXGGNYIS-UHFFFAOYSA-N,BDJRBEYXGGNYIS,1,1,1,cpd05177,0
CHB_48341,,COCOC,NKDDWNXOKDWJAK-UHFFFAOYSA-N,NKDDWNXOKDWJAK,0,0,1,,0
CHB_48362,1-butene,CCC=C,VXNZUUAINFGPBY-UHFFFAOYSA-N,VXNZUUAINFGPBY,1,1,1,cpd31595,0
CHB_48430,4-methyl-2-oxopentanooate,CC(C)CC(=O)C([O-])=O,BKAJNAXTPSGJCU-UHFFFAOYSA-M,BKAJNAXTPSGJCU,1,0,0,cpd00200,1
CHB_48649,L-sorbose,OCC1(O)OC[C@H](O)[C@@H](O)[C@@H]1O,LKDRXBCSQODPBY-AMVSKUEXSA-N,LKDRXBCSQODPBY,1,1,0,cpd00212,1
CHB_48674,Sorbose,OCC1([O-])OC[C@H](O)[C@@H](O)[C@@H]1O,HTXBLHKUMLNYEE-AMVSKUEXSA-N,HTXBLHKUMLNYEE,1,1,1,,0
CHB_48945,,CCC(C)CO,QPRQEDXDYOZYLA-UHFFFAOYSA-N,QPRQEDXDYOZYLA,0,0,1,cpd24695,0
CHB_50569,,CC(C)COC(C)=O,GJRQTCIYDGXPES-UHFFFAOYSA-N,GJRQTCIYDGXPES,0,0,1,cpd35763,0
CHB_50724,n-butanamide,CCCC(N)=O,DNSISZSEWVHGLH-UHFFFAOYSA-N,DNSISZSEWVHGLH,1,1,1,cpd22438,0
CHB_52342,,CCOC=O,WBJINCZRORDGAQ-UHFFFAOYSA-N,WBJINCZRORDGAQ,0,0,1,,0
CHB_52742,D-ribose 5-phosphate,OC1O[C@H](COP(O)(O)=O)[C@@H](O)[C@H]1O,KTVPXOYAKDPRHY-SOOFDHNKSA-N,KTVPXOYAKDPRHY,1,1,1,cpd00101,1
CHB_53455,D-xylose,O[C@@H]1COC(O)[C@H](O)[C@H]1O,SRBFZHDQGSBBOR-IOVATXLUSA-N,SRBFZHDQGSBBOR,1,1,1,cpd00154,1
CHB_53505,,COC(C)C,RMGHERXMTMUMMV-UHFFFAOYSA-N,RMGHERXMTMUMMV,0,0,1,,0
CHB_5672,2-heptanone,CCCCCC(C)=O,CATSNJVOTSVZJV-UHFFFAOYSA-N,CATSNJVOTSVZJV,1,1,1,cpd05292,0
CHB_5712,1-hexanamine (hexylamine),CCCCCCN,BMVXCPBXGZKUPN-UHFFFAOYSA-N,BMVXCPBXGZKUPN,1,1,1,,0
CHB_60647,2-hydroxypentanoic acid,CCCC(O)C([O-])=O,JRHWHSJDIILJAT-UHFFFAOYSA-M,JRHWHSJDIILJAT,1,1,1,,0
CHB_61553,D-fructose 6-phosphate,OCC1(O)O[C@H](COP(O)([O-])=O)[C@@H](O)[C@@H]1O,BGWGXPAPYGQALX-VRPWFDPXSA-M,BGWGXPAPYGQALX,1,1,1,cpd00072,1
CHB_62805,,CC(C)CC(C)(C)C,NHTMVDHEPJAVLT-UHFFFAOYSA-N,NHTMVDHEPJAVLT,0,0,1,,0
CHB_62891,,CC=CCO,WCASXYBKJHWFMY-UHFFFAOYSA-N,WCASXYBKJHWFMY,0,0,1,cpd23791,0
CHB_63528,dTMP,Cc1cn([C@H]2C[C@H](O)[C@@H](COP(O)(O)=O)O2)c(=O)[nH]c1=O,GYOZYWVXFNDGLU-XLPZGREQSA-N,GYOZYWVXFNDGLU,1,1,1,cpd00298,1
CHB_6359,lactulose,OC[C@H]1O[C@]([O-])(CO)[C@@H]([O-])[C@@H]1O[C@@H]1O[C@H](CO)[C@H](O)[C@H](O)[C@H]1[O-],VHVMCPGGPQTAMV-FCVZTGTOSA-N,VHVMCPGGPQTAMV,1,0,0,,0
CHB_6844,,COC,LCGLNKUTAGEVQW-UHFFFAOYSA-N,LCGLNKUTAGEVQW,0,0,1,,0
CHB_6858,2-butanone,CCC(C)=O,ZWEHNKRNPOVVGH-UHFFFAOYSA-N,ZWEHNKRNPOVVGH,1,1,1,cpd01834,0
CHB_6860,,COC(C)(C)C,BZLVMXJERCGZMT-UHFFFAOYSA-N,BZLVMXJERCGZMT,0,0,1,cpd08200,0
CHB_7052,,CC(C)=CCCC(=C)C=C,UAHWPYUMFXYFJY-UHFFFAOYSA-N,UAHWPYUMFXYFJY,0,0,1,cpd03619,0
CHB_73689,,COC(=O)C(C)C,BHIWKHZACMWKOJ-UHFFFAOYSA-N,BHIWKHZACMWKOJ,0,0,1,,0
CHB_73752,2-hydroxyheptanoic acid,CCCCCC(O)C([O-])=O,RGMMREBHCYXQMA-UHFFFAOYSA-M,RGMMREBHCYXQMA,1,1,1,,0
CHB_73753,2-hydroxynonanoic acid,CCCCCCCC(O)C([O-])=O,BTJFTHOOADNOOS-UHFFFAOYSA-M,BTJFTHOOADNOOS,1,1,1,,0
CHB_74848,1-pentanamine (pentylamine),CCCCC[NH3+],DPBLXKKOBLCELK-UHFFFAOYSA-O,DPBLXKKOBLCELK,1,1,1,,0
CHB_77322,,CCCCCC(=O)OC,NUKZAGXMHTUAFE-UHFFFAOYSA-N,NUKZAGXMHTUAFE,0,0,1,,0
CHB_77443,,CCCCCCCC=C,JRZJOMJEPLMPRA-UHFFFAOYSA-N,JRZJOMJEPLMPRA,0,0,1,,0
CHB_77518,,CCCC(C)O,JYVLIDXNZAXMDK-UHFFFAOYSA-N,JYVLIDXNZAXMDK,0,0,1,cpd35850,0
CHB_77519,,CCC(O)CC,AQIXEPGDORPWBJ-UHFFFAOYSA-N,AQIXEPGDORPWBJ,0,0,1,,0
CHB_77520,,CCC(C)C(C)O,ZXNBBWHRUSXUFZ-UHFFFAOYSA-N,ZXNBBWHRUSXUFZ,0,0,1,,0
CHB_77699,,COC=O,TZIHFWKZFHZASV-UHFFFAOYSA-N,TZIHFWKZFHZASV,0,0,1,,0
CHB_77700,,COC(C)=O,KXKVLQRXCPHEJC-UHFFFAOYSA-N,KXKVLQRXCPHEJC,0,0,1,cpd17655,0
CHB_77914,,CC(C)C=C,YHQXBTXEYZIYOV-UHFFFAOYSA-N,YHQXBTXEYZIYOV,0,0,1,,0
CHB_77916,,CC=C(C)C,BKOOMYPCSUNDGP-UHFFFAOYSA-N,BKOOMYPCSUNDGP,0,0,1,,0
CHB_77927,,CCCCCCCC(C)=O,VKCYHJWLYTUGCC-UHFFFAOYSA-N,VKCYHJWLYTUGCC,0,0,1,cpd32258,0
CHB_77929,,CCCCCCCCC(C)=O,ZAJNGDIORYACQU-UHFFFAOYSA-N,ZAJNGDIORYACQU,0,0,1,cpd35647,0
CHB_77930,,CCCCCCCCCC(C)O,XMUJIPOFTAHSOK-UHFFFAOYSA-N,XMUJIPOFTAHSOK,0,0,1,,0
CHB_7815,oxalosuccinate_-2,OC(=O)CC(C([O-])=O)C(=O)C([O-])=O,UFSCUAXLTRFIDC-UHFFFAOYSA-L,UFSCUAXLTRFIDC,1,0,0,cpd03187,0
CHB_80945,,CCCCCC(O)CC,NMRPBPVERJPACX-UHFFFAOYSA-N,NMRPBPVERJPACX,0,0,1,,0
CHB_82344,,CC(C)CC(C)=O,NTIZESTWPVYFNL-UHFFFAOYSA-N,NTIZESTWPVYFNL,0,0,1,,0
CHB_84268,nonanal,CCCCCCCCC=O,GYHFUZHODSMOHU-UHFFFAOYSA-N,GYHFUZHODSMOHU,1,1,1,cpd15618,0
CHB_8472,,CCCO,BDERNNFJNOPAEC-UHFFFAOYSA-N,BDERNNFJNOPAEC,0,0,1,cpd03559,0
CHB_8473,Propanethiol,CCC[S-],SUVIGLJNEAMWEG-UHFFFAOYSA-M,SUVIGLJNEAMWEG,1,1,1,,0
CHB_86055,,CCCCCC(=O)OCC,SHZIWNPUGXLXDT-UHFFFAOYSA-N,SHZIWNPUGXLXDT,0,0,1,cpd22553,0
CHB_86279,D-arabinose 5-phosphate,OC1O[C@H](COP(O)(O)=O)[C@@H](O)[C@@H]1O,KTVPXOYAKDPRHY-ZRMNMSDTSA-N,KTVPXOYAKDPRHY,1,0,0,cpd00101,1
CHB_86542,2-hydroxyhexanoic acid,CCCCC(O)C(O)=O,NYHNVHGFPZAZGA-UHFFFAOYSA-N,NYHNVHGFPZAZGA,1,1,1,cpd37424,0
CHB_86543,2-hydroxyoctanoic acid,CCCCCCC(O)C(O)=O,JKRDADVRIYVCCY-UHFFFAOYSA-N,JKRDADVRIYVCCY,1,1,1,cpd37419,0
CHB_87362,,CCCCCOC(C)=O,PGMYKACGEOXYJE-UHFFFAOYSA-N,PGMYKACGEOXYJE,0,0,1,cpd41535,0
CHB_87373,,CCCCCOC(=O)CC,TWSRVQVEYJNFKQ-UHFFFAOYSA-N,TWSRVQVEYJNFKQ,0,0,1,cpd41536,0
CHB_87393,1-hexanol,CCCCCCO,ZSIAUFGUXNUGDI-UHFFFAOYSA-N,ZSIAUFGUXNUGDI,1,1,1,cpd27216,0
CHB_87434,2-octanone,CCCCCCC(C)=O,ZPVFWPFBNIEHGJ-UHFFFAOYSA-N,ZPVFWPFBNIEHGJ,1,1,1,cpd33751,0
CHB_87683,,CCCC(=O)OCC(C)C,RGFNRWTWDWVHDD-UHFFFAOYSA-N,RGFNRWTWDWVHDD,0,0,1,,0
CHB_88374,2-methylpentane,CCCC(C)C,AFABGHUZZDYHJO-UHFFFAOYSA-N,AFABGHUZZDYHJO,1,1,1,,0
CHB_88452,,CCOC(=O)C(C)CC,HCRBXQFHJMCTLF-UHFFFAOYSA-N,HCRBXQFHJMCTLF,0,0,1,cpd41609,0
CHB_88528,hexanal,CCCCCC=O,JARKCYVAAOWBJS-UHFFFAOYSA-N,JARKCYVAAOWBJS,1,1,1,cpd15611,0
CHB_88653,,CCCC(O)CC,ZOCHHNOQQHDWHG-UHFFFAOYSA-N,ZOCHHNOQQHDWHG,0,0,1,cpd41610,0
CHB_88849,2-methylheptane,CCCCCC(C)C,JVSWJIKNEAIKJW-UHFFFAOYSA-N,JVSWJIKNEAIKJW,1,1,1,,0
CHB_89206,2-hexanone,CCCCC(C)=O,QQZOPKMRPOGIEB-UHFFFAOYSA-N,QQZOPKMRPOGIEB,1,1,1,,0
CHB_9300,suberic acid,[O-]C(=O)CCCCCCC([O-])=O,TYFQFVWCELRYAO-UHFFFAOYSA-L,TYFQFVWCELRYAO,1,1,1,cpd05193,0
CHB_9457,,CC(C)=C1CCC(C)=CC1,MOYAFQVGZZPNRA-UHFFFAOYSA-N,MOYAFQVGZZPNRA,0,0,1,cpd03620,0
CHS_10120,,CCC(C)S,LOCHFZBWPCLPAN-UHFFFAOYSA-N,LOCHFZBWPCLPAN,0,0,1,,0
CHS_10245,,Cc1cc(C)c(C)c(C)c1,BFIMMTCNYPIMRN-UHFFFAOYSA-N,BFIMMTCNYPIMRN,0,0,1,,0
CHS_10253,,CC(C)c1ccccc1C,WWRCMNKATXZARA-UHFFFAOYSA-N,WWRCMNKATXZARA,0,0,1,,0
CHS_10265264,,C[C@H]1CC[C@H](C)CC1,QRMPKOFEUHIBNM-ZKCHVHJHSA-N,QRMPKOFEUHIBNM,0,0,1,,0
CHS_10355,,CC(C)c1cccc(C)c1,XCYJPXQACVEIOS-UHFFFAOYSA-N,XCYJPXQACVEIOS,0,0,1,,0
CHS_10420,,CCCCC(=O)OCC,ICMAFTSLXCXHRK-UHFFFAOYSA-N,ICMAFTSLXCXHRK,0,0,1,,0
CHS_10433,,CCC(=O)OCC(C)C,FZXRXKLUIMKDEL-UHFFFAOYSA-N,FZXRXKLUIMKDEL,0,0,1,,0
CHS_10446,,CC(=O)OC(C)(C)C,WMOVHXAZOJBABW-UHFFFAOYSA-N,WMOVHXAZOJBABW,0,0,1,,0
CHS_10462,,CC(C)CCS,GIJGXNFNUUFEGH-UHFFFAOYSA-N,GIJGXNFNUUFEGH,0,0,1,,0
CHS_10492,,CC(C)COC=O,AVMSWPWPYJVYKY-UHFFFAOYSA-N,AVMSWPWPYJVYKY,0,0,1,,0
CHS_10511,,CCCCCC(C)O,CETWDUZRCINIHU-UHFFFAOYSA-N,CETWDUZRCINIHU,0,0,1,,0
CHS_10653,,CCC(=O)OC,RJUFJBKOKNCXHH-UHFFFAOYSA-N,RJUFJBKOKNCXHH,0,0,1,,0
CHS_10709,,CCCOC,VNKYTQGIUYNRMY-UHFFFAOYSA-N,VNKYTQGIUYNRMY,0,0,1,,0
CHS_10755,,CCC(C)(C)CC,AEXMKKGTQYQZCS-UHFFFAOYSA-N,AEXMKKGTQYQZCS,0,0,1,,0
CHS_10777,,CC(C)C(C)=O,SYBYTAAJFKOIEJ-UHFFFAOYSA-N,SYBYTAAJFKOIEJ,0,0,1,,0
CHS_10786,,CCC(C)C(C)C,WGECXQBGLLYSFP-UHFFFAOYSA-N,WGECXQBGLLYSFP,0,0,1,,0
CHS_10788,,CCC(C)C(C)=O,UIHCLUNTQKBZGK-UHFFFAOYSA-N,UIHCLUNTQKBZGK,0,0,1,,0
CHS_10791,,CCC(=O)C(C)C,HYTRYEXINDDXJK-UHFFFAOYSA-N,HYTRYEXINDDXJK,0,0,1,,0
CHS_10795,,CC(C)C(C)C(C)C,RLPGDEORIPLBNF-UHFFFAOYSA-N,RLPGDEORIPLBNF,0,0,1,,0
CHS_10797,,CC(C)C(=O)C(C)C,HXVNBWAKAOHACI-UHFFFAOYSA-N,HXVNBWAKAOHACI,0,0,1,,0
CHS_109838,,CCOCCOC,CAQYAZNFWDDMIT-UHFFFAOYSA-N,CAQYAZNFWDDMIT,0,0,1,,0
CHS_11023,,CCCC(C)CC,VLJXXKKOSFGPHI-UHFFFAOYSA-N,VLJXXKKOSFGPHI,0,0,1,,0
CHS_11025,,CCCC(=O)CC,PFCHFHIRKBAQGU-UHFFFAOYSA-N,PFCHFHIRKBAQGU,0,0,1,cpd23785,0
CHS_11029,,CCCC(O)CCC,YVBCULSIZWMTFY-UHFFFAOYSA-N,YVBCULSIZWMTFY,0,0,1,,0
CHS_11035,,CCCCC(C)CC,LAIUFBWHERIJIH-UHFFFAOYSA-N,LAIUFBWHERIJIH,0,0,1,,0
CHS_11036,,CCCCC(O)CC,RZKSECIXORKHQS-UHFFFAOYSA-N,RZKSECIXORKHQS,0,0,1,,0
CHS_11045,,CCCCOC(=O)CC,BTMVHUNTONAYDX-UHFFFAOYSA-N,BTMVHUNTONAYDX,0,0,1,cpd32892,0
CHS_11055,,CCCC(C)(C)C,CXOWYJMDMMMMJO-UHFFFAOYSA-N,CXOWYJMDMMMMJO,0,0,1,,0
CHS_11056,,CCCC(C)(C)O,WFRBDWRZVBPBDO-UHFFFAOYSA-N,WFRBDWRZVBPBDO,0,0,1,,0
CHS_11064,,CCCCC(C)(C)C,FLTJDUOFAQWHDF-UHFFFAOYSA-N,FLTJDUOFAQWHDF,0,0,1,,0
CHS_11086,,CC1=CCCCC1,CTMHWPIWNRWQEG-UHFFFAOYSA-N,CTMHWPIWNRWQEG,0,0,1,,0
CHS_11099,,C=CCC=C,QYZLKGVUSQXAMU-UHFFFAOYSA-N,QYZLKGVUSQXAMU,0,0,1,,0
CHS_11110,,C=CCCC=C,PYGSKMBEVAICCR-UHFFFAOYSA-N,PYGSKMBEVAICCR,0,0,1,,0
CHS_11122,,CCCCC=CC,OTTZHAVKAVGASB-UHFFFAOYSA-N,OTTZHAVKAVGASB,0,0,1,,0
CHS_11125,,CCCCOC=O,NMJJFJNHVMGPGM-UHFFFAOYSA-N,NMJJFJNHVMGPGM,0,0,1,,0
CHS_11180,,CC(C)C(C)(C)O,IKECULIHBUCAKR-UHFFFAOYSA-N,IKECULIHBUCAKR,0,0,1,,0
CHS_11210,,CCC(O)(CC)CC,XKIRHOWVQWCYBT-UHFFFAOYSA-N,XKIRHOWVQWCYBT,0,0,1,,0
CHS_11680,,CCCC(=O)OC,UUIQMZJEGPQKFD-UHFFFAOYSA-N,UUIQMZJEGPQKFD,0,0,1,,0
CHS_11706,,CCCCC(=O)OC,HNBDRPTVWVGKBR-UHFFFAOYSA-N,HNBDRPTVWVGKBR,0,0,1,,0
CHS_11739,,CCCCC(C)(C)O,KRIMXCDMVRMCTC-UHFFFAOYSA-N,KRIMXCDMVRMCTC,0,0,1,,0
CHS_11741,,CCCCCC(C)(C)O,ACBMYYVZWKYLIP-UHFFFAOYSA-N,ACBMYYVZWKYLIP,0,0,1,,0
CHS_11749,,COCC(C)C,ZYVYEJXMYBUCMN-UHFFFAOYSA-N,ZYVYEJXMYBUCMN,0,0,1,,0
CHS_11754,,CCOC(C)C,XSJVWZAETSBXKU-UHFFFAOYSA-N,XSJVWZAETSBXKU,0,0,1,,0
CHS_11755,,CC(C)OC=O,RMOUBSOVHSONPZ-UHFFFAOYSA-N,RMOUBSOVHSONPZ,0,0,1,,0
CHS_11761,,CC(C)SC(C)C,XYWDPYKBIRQXQS-UHFFFAOYSA-N,XYWDPYKBIRQXQS,0,0,1,,0
CHS_11794,,CCCCC(C)O,QNVRIHYSUZMSGM-UHFFFAOYSA-N,QNVRIHYSUZMSGM,0,0,1,cpd35162,0
CHS_11801,,CCCOC(C)C,JIEJJGMNDWIGBJ-UHFFFAOYSA-N,JIEJJGMNDWIGBJ,0,0,1,,0
CHS_11833,,CCCCOC,CXBDYQVECUFKRK-UHFFFAOYSA-N,CXBDYQVECUFKRK,0,0,1,,0
CHS_11835,,CCCOCC,NVJUHMXYKCUMQA-UHFFFAOYSA-N,NVJUHMXYKCUMQA,0,0,1,,0
CHS_11841,,CC(C)COCC(C)C,SZNYYWIUQFZLLT-UHFFFAOYSA-N,SZNYYWIUQFZLLT,0,0,1,,0
CHS_11849,,CCCCOCC,PZHIWRCQKBBTOW-UHFFFAOYSA-N,PZHIWRCQKBBTOW,0,0,1,,0
CHS_11861,,CCCCCCCC(C)O,NGDNVOAEIVQRFH-UHFFFAOYSA-N,NGDNVOAEIVQRFH,0,0,1,,0
CHS_11992,,CCC(=O)OC(C)C,IJMWOMHMDSDKGK-UHFFFAOYSA-N,IJMWOMHMDSDKGK,0,0,1,,0
CHS_11996,,CCOC(C)(C)C,NUMQCACRALPSHD-UHFFFAOYSA-N,NUMQCACRALPSHD,0,0,1,,0
CHS_12012,,CCCCCOC=O,DIQMPQMYFZXDAX-UHFFFAOYSA-N,DIQMPQMYFZXDAX,0,0,1,,0
CHS_12065,,CCC=CC,QMMOXUPEWRXHJS-UHFFFAOYSA-N,QMMOXUPEWRXHJS,0,0,1,,0
CHS_121465,,CCCCOCCC,YGZQJYIITOMTMD-UHFFFAOYSA-N,YGZQJYIITOMTMD,0,0,1,,0
CHS_121566,,CCCCCCCCC(C)(C)O,WTXBAYPZJKPZHX-UHFFFAOYSA-N,WTXBAYPZJKPZHX,0,0,1,,0
CHS_121589,,CCOCCCOCC,IOQSSIPMPIYMDF-UHFFFAOYSA-N,IOQSSIPMPIYMDF,0,0,1,,0
CHS_12201,,CC(C)CC=C,WSSSPWUEQFSQQG-UHFFFAOYSA-N,WSSSPWUEQFSQQG,0,0,1,,0
CHS_123622,,COCCCOC,UUAMLBIYJDPGFU-UHFFFAOYSA-N,UUAMLBIYJDPGFU,0,0,1,,0
CHS_123860,,CCCOCCOCCC,HQSLKNLISLWZQH-UHFFFAOYSA-N,HQSLKNLISLWZQH,0,0,1,,0
CHS_12446,,CCCC(C)=C,WWUVJRULCWHUSA-UHFFFAOYSA-N,WWUVJRULCWHUSA,0,0,1,,0
CHS_12626,,OCCCC=C,LQAVWYMTUMSFBE-UHFFFAOYSA-N,LQAVWYMTUMSFBE,0,0,1,,0
CHS_12635,,CCCCCCCCCC=C,DCTOHCCUXLBQMS-UHFFFAOYSA-N,DCTOHCCUXLBQMS,0,0,1,,0
CHS_127750,,CCCOCCOC,ILLHRDFIVGEPIU-UHFFFAOYSA-N,ILLHRDFIVGEPIU,0,0,1,,0
CHS_12807,,CCCCCCCC(C)C,SGVYKUFIHHTIFL-UHFFFAOYSA-N,SGVYKUFIHHTIFL,0,0,1,,0
CHS_12809,,CCCCCCCCC=C,AFFLGGQVNFXPEV-UHFFFAOYSA-N,AFFLGGQVNFXPEV,0,0,1,,0
CHS_12939,,CCOC(C)(C)CC,KFRVYYGHSPLXSZ-UHFFFAOYSA-N,KFRVYYGHSPLXSZ,0,0,1,,0
CHS_13245,,CCCCCCCCC(C)CC,HTZWVZNRDDOFEI-UHFFFAOYSA-N,HTZWVZNRDDOFEI,0,0,1,,0
CHS_13443,,CCCCCC(C)(C)C,PSABUFWDVWCFDP-UHFFFAOYSA-N,PSABUFWDVWCFDP,0,0,1,,0
CHS_13616,,CCCCCCCCC(C)O,ACUZDYFTRHEKOS-UHFFFAOYSA-N,ACUZDYFTRHEKOS,0,0,1,,0
CHS_13835376,,CCOCCOCC,LZDKZFUFMNSQCJ-UHFFFAOYSA-N,LZDKZFUFMNSQCJ,0,0,1,,0
CHS_13835836,,CCOC(C)OCC,DHKHKXVYLBGOIT-UHFFFAOYSA-N,DHKHKXVYLBGOIT,0,0,1,,0
CHS_13854808,,COC(C)OC,SPEUIVXLLWOEMJ-UHFFFAOYSA-N,SPEUIVXLLWOEMJ,0,0,1,,0
CHS_153877,,CCCCCCCC(C)(C)C,WDSBVMLUILIJOW-UHFFFAOYSA-N,WDSBVMLUILIJOW,0,0,1,,0
CHS_15765,,C[C@H]1CCCC[C@H]1C,KVZJLSYJROEPSQ-OCAPTIKFSA-N,KVZJLSYJROEPSQ,0,0,1,,0
CHS_15801,,CCCCCC(C)CC,SEEOMASXHIJCDV-UHFFFAOYSA-N,SEEOMASXHIJCDV,0,0,1,,0
CHS_15802,,CCCCC(C)CCC,DOGIHOCMZJUJNR-UHFFFAOYSA-N,DOGIHOCMZJUJNR,0,0,1,,0
CHS_16074,,C=CCCCC=C,GEAWFZNTIFJMHR-UHFFFAOYSA-N,GEAWFZNTIFJMHR,0,0,1,,0
CHS_17292,,CC1CCCC(C)(C)C1,PYOLJOJPIPCRDP-UHFFFAOYSA-N,PYOLJOJPIPCRDP,0,0,1,,0
CHS_17976,,CC(C)CCC(C)(C)C,HHOSMYBYIHNXNO-UHFFFAOYSA-N,HHOSMYBYIHNXNO,0,0,1,,0
CHS_18338,,C=CCCCCC=C,XWJBRBSPAODJER-UHFFFAOYSA-N,XWJBRBSPAODJER,0,0,1,,0
CHS_18607,,CCCSC,ZOASGOXWEHUTKZ-UHFFFAOYSA-N,ZOASGOXWEHUTKZ,0,0,1,,0
CHS_18688,,CCOC(=O)C(C)(C)C,HHEIMYAXCOIQCJ-UHFFFAOYSA-N,HHEIMYAXCOIQCJ,0,0,1,,0
CHS_193321,,CCCCCC(C)CO,QZESEQBMSFFHRY-UHFFFAOYSA-N,QZESEQBMSFFHRY,0,0,1,,0
CHS_202727,,CCOCCCCOCC,IIHAWQOFHTYWGM-UHFFFAOYSA-N,IIHAWQOFHTYWGM,0,0,1,,0
CHS_20844,,CCCCCCC(C)CC,PLZDDPSCZHRBOY-UHFFFAOYSA-N,PLZDDPSCZHRBOY,0,0,1,,0
CHS_21740,,CCC(C)OC,FVNIMHIOIXPIQT-UHFFFAOYSA-N,FVNIMHIOIXPIQT,0,0,1,,0
CHS_21896,,CCCCCCCCC(C)C,CNPVJWYWYZMPDS-UHFFFAOYSA-N,CNPVJWYWYZMPDS,0,0,1,,0
CHS_21934,,CCCCCCCCCC(C)C,GTJOHISYCKPIMT-UHFFFAOYSA-N,GTJOHISYCKPIMT,0,0,1,,0
CHS_2284191,,CCCCCCCC(C)CO,BEGNRPGEHZBNKK-UHFFFAOYSA-N,BEGNRPGEHZBNKK,0,0,1,,0
CHS_23408,,CCCCCCCCCCC(C)O,XSWSEQPWKOWORN-UHFFFAOYSA-N,XSWSEQPWKOWORN,0,0,1,,0
CHS_23484,,CCCCCCCC(C)(C)O,VREDNSVJXRJXRI-UHFFFAOYSA-N,VREDNSVJXRJXRI,0,0,1,,0
CHS_26477,,CCCCCCCCC(C)(C)C,WBWYXWILSHQILH-UHFFFAOYSA-N,WBWYXWILSHQILH,0,0,1,,0
CHS_28986,,CCCC(=O)CCC,HCFAJYNVAYBARA-UHFFFAOYSA-N,HCFAJYNVAYBARA,0,0,1,cpd41616,0
CHS_388344,D-xylulose,OCC1(O)OC[C@@H](O)[C@@H]1O,LQXVFWRQNMEDEE-OVEKKEMJSA-N,LQXVFWRQNMEDEE,1,1,1,cpd05268,0
CHS_39930,,CCCCC(C)CO,LCFKURIJYIJNRU-UHFFFAOYSA-N,LCFKURIJYIJNRU,0,0,1,,0
CHS_452528,,COCCCCOC,HMCUNLUHTBHKTB-UHFFFAOYSA-N,HMCUNLUHTBHKTB,0,0,1,,0
CHS_55084,,CCCCOC(=O)CCCC,OKJADYKTJJGKDX-UHFFFAOYSA-N,OKJADYKTJJGKDX,0,0,1,,0
CHS_55123,,CCCCCCOC=O,OUGPMNMLWKSBRI-UHFFFAOYSA-N,OUGPMNMLWKSBRI,0,0,1,,0
CHS_55130,,CCCC(=O)OC(C)C,FFOPEPMHKILNIT-UHFFFAOYSA-N,FFOPEPMHKILNIT,0,0,1,,0
CHS_55188,,CCC(C)(C)OC,HVZJRWJGKQPSFL-UHFFFAOYSA-N,HVZJRWJGKQPSFL,0,0,1,,0
CHS_59719,,CCCCCCCCCC(C)CO,FGZXHVORLPLICA-UHFFFAOYSA-N,FGZXHVORLPLICA,0,0,1,,0
CHS_6163,,CCC(C)(C)C,HNRMPXKDFBEGFZ-UHFFFAOYSA-N,HNRMPXKDFBEGFZ,0,0,1,,0
CHS_6164,,CC(C)(C)CO,KPSSIOMAKSHJJG-UHFFFAOYSA-N,KPSSIOMAKSHJJG,0,0,1,,0
CHS_6165,,CCC(C)(C)O,MSXVEPNJUHWQHW-UHFFFAOYSA-N,MSXVEPNJUHWQHW,0,0,1,cpd34262,0
CHS_6176,,CC(=O)C(C)(C)C,PJGSXYOJTGTZAV-UHFFFAOYSA-N,PJGSXYOJTGTZAV,0,0,1,,0
CHS_62249,,COC(=O)C(C)(C)C,CNMFHDIDIMZHKY-UHFFFAOYSA-N,CNMFHDIDIMZHKY,0,0,1,,0
CHS_6248,,CCC(C)(O)CC,FRDAATYAJDYRNW-UHFFFAOYSA-N,FRDAATYAJDYRNW,0,0,1,,0
CHS_62597,,OCCC=C,ZSPTYLOMNJNZNG-UHFFFAOYSA-N,ZSPTYLOMNJNZNG,0,0,1,,0
CHS_62614,,CCCCCCC(C)(C)O,KBCNUEXDHWDIFX-UHFFFAOYSA-N,KBCNUEXDHWDIFX,0,0,1,,0
CHS_62620,,CCCCCOC,DBUJFULDVAZULB-UHFFFAOYSA-N,DBUJFULDVAZULB,0,0,1,,0
CHS_6340,,CC(C)C(C)C,ZFFMLCVRJBZUDZ-UHFFFAOYSA-N,ZFFMLCVRJBZUDZ,0,0,1,,0
CHS_7010,,CCC(C)CC,PFEOZHBOMNWTJB-UHFFFAOYSA-N,PFEOZHBOMNWTJB,0,0,1,,0
CHS_7016,,CCC(=O)CC,FDPIMTJIUBPUKL-UHFFFAOYSA-N,FDPIMTJIUBPUKL,0,0,1,cpd23783,0
CHS_7065,,CCOC(=O)C(C)C,WDAXFOBOLVPGLV-UHFFFAOYSA-N,WDAXFOBOLVPGLV,0,0,1,,0
CHS_7073,,CC(C)COC(=O)C(C)C,RXGUIWHIADMCFC-UHFFFAOYSA-N,RXGUIWHIADMCFC,0,0,1,,0
CHS_7080,,CCC(CC)CO,TZYRSLHNPKPEFV-UHFFFAOYSA-N,TZYRSLHNPKPEFV,0,0,1,,0
CHS_70849,,CCCCCCOC,ICBJCVRQDSQPGI-UHFFFAOYSA-N,ICBJCVRQDSQPGI,0,0,1,,0
CHS_7088,,CC(C)(C)c1ccccc1,YTZKOQUCBOVLHL-UHFFFAOYSA-N,YTZKOQUCBOVLHL,0,0,1,,0
CHS_7226,,OCC1CCCCC1,VSSAZBXXNIABDN-UHFFFAOYSA-N,VSSAZBXXNIABDN,0,0,1,,0
CHS_7320,,CCc1cc(CC)cc(CC)c1,WJYMPXJVHNDZHD-UHFFFAOYSA-N,WJYMPXJVHNDZHD,0,0,1,,0
CHS_7430,,CCCCCCCCCCc1ccccc1,UZILCZKGXMQEQR-UHFFFAOYSA-N,UZILCZKGXMQEQR,0,0,1,,0
CHS_7459,,CCCC(C)CO,PFNHSEQQEPMLNI-UHFFFAOYSA-N,PFNHSEQQEPMLNI,0,0,1,,0
CHS_7463,,CCOC(=O)CC,FKRCODPIKNYEAC-UHFFFAOYSA-N,FKRCODPIKNYEAC,0,0,1,cpd32528,0
CHS_7472,,CCC(C)OC(C)=O,DCKVNWZUADLDEH-UHFFFAOYSA-N,DCKVNWZUADLDEH,0,0,1,,0
CHS_7475,,CCCC(=O)OCC,OBNCKNCVKJNDBV-UHFFFAOYSA-N,OBNCKNCVKJNDBV,0,0,1,cpd41613,0
CHS_7482,,CCCOC(=O)CCC,HUAZGNHGCJGYNP-UHFFFAOYSA-N,HUAZGNHGCJGYNP,0,0,1,cpd41619,0
CHS_7515,,CCCOC(=O)CC,MCSINKKTEDDPNK-UHFFFAOYSA-N,MCSINKKTEDDPNK,0,0,1,cpd41621,0
CHS_75217,,CCCCOCCOC,XDFQEFFBRPGSMC-UHFFFAOYSA-N,XDFQEFFBRPGSMC,0,0,1,,0
CHS_7538,,CCCCCCC(=O)OC,XNCNNDVCAUWAIT-UHFFFAOYSA-N,XNCNNDVCAUWAIT,0,0,1,,0
CHS_7619,,CC(C)CC(C)C,BZHMBWZPUJHVEE-UHFFFAOYSA-N,BZHMBWZPUJHVEE,0,0,1,,0
CHS_7622,,CC(C)CC(C)O,WVYWICLMDOOCFB-UHFFFAOYSA-N,WVYWICLMDOOCFB,0,0,1,,0
CHS_7626,,CC(C)OC(C)C,ZAFNJMIOTHYJRJ-UHFFFAOYSA-N,ZAFNJMIOTHYJRJ,0,0,1,,0
CHS_7627,,CC(C)OC(C)=O,JMMWKPVZQRWMSS-UHFFFAOYSA-N,JMMWKPVZQRWMSS,0,0,1,,0
CHS_7670,,CC(C)CC(=O)CC(C)C,PTTPXKJBFFKCEK-UHFFFAOYSA-N,PTTPXKJBFFKCEK,0,0,1,,0
CHS_7674,,CC1CCCCC1,UAEPNZWRGJTJPN-UHFFFAOYSA-N,UAEPNZWRGJTJPN,0,0,1,,0
CHS_76796,,CCCCCCC(C)(C)C,GPBUTTSWJNPYJL-UHFFFAOYSA-N,GPBUTTSWJNPYJL,0,0,1,,0
CHS_7694,,CCCCOC(=O)CCC,XUPYJHCZDLZNFP-UHFFFAOYSA-N,XUPYJHCZDLZNFP,0,0,1,cpd31907,0
CHS_7757,,CCCCCCCCCC(=O)OCC,RGXWDWUGBIJHDO-UHFFFAOYSA-N,RGXWDWUGBIJHDO,0,0,1,,0
CHS_7782,,CCCOC=O,KFNNIILCVOLYIR-UHFFFAOYSA-N,KFNNIILCVOLYIR,0,0,1,,0
CHS_7786,,CCSSCC,CETBSQOFQKLHHZ-UHFFFAOYSA-N,CETBSQOFQKLHHZ,0,0,1,,0
CHS_7800,,CCCCCCCC(=O)OC,JGHZJRVDZXSNKQ-UHFFFAOYSA-N,JGHZJRVDZXSNKQ,0,0,1,,0
CHS_7823,,CCCOCCC,POLCUAVZOMRGSN-UHFFFAOYSA-N,POLCUAVZOMRGSN,0,0,1,,0
CHS_7827,,CCCSCCC,ZERULLAPCVRMCO-UHFFFAOYSA-N,ZERULLAPCVRMCO,0,0,1,,0
CHS_78274,,CCCCCCCCC(C)CO,JZEUFFFBEMAJHS-UHFFFAOYSA-N,JZEUFFFBEMAJHS,0,0,1,,0
CHS_7853,,COCCCCCOC,NFCBHIFOKVDBCJ-UHFFFAOYSA-N,NFCBHIFOKVDBCJ,0,0,1,,0
CHS_7891,,CCCCCCCCCCC=C,CRSBERNSMYQZNG-UHFFFAOYSA-N,CRSBERNSMYQZNG,0,0,1,,0
CHS_7892,,CCCCCCCCCCCO,KJIOQYGWTQBHNH-UHFFFAOYSA-N,KJIOQYGWTQBHNH,0,0,1,cpd32124,0
CHS_7896,,CCCCOCCOCCCC,GDXHBFHOEYVPED-UHFFFAOYSA-N,GDXHBFHOEYVPED,0,0,1,,0
CHS_8149841,nicotinamide mononucleotide(reduced),NC(=O)C1=CN(C=CC1)[C@@H]1O[C@H](COP(O)(O)=O)[C@@H](O)[C@H]1O,XQHMUSRSLNRVGA-TURQNECASA-N,XQHMUSRSLNRVGA,1,1,1,cpd27656,0
CHS_83276,,CCCCCCCC(C)CC,JJRUZTXRDDMYGM-UHFFFAOYSA-N,JJRUZTXRDDMYGM,0,0,1,,0
CHS_8568,,CCCCCCOC(C)=O,AOGQPLXWSUTHQB-UHFFFAOYSA-N,AOGQPLXWSUTHQB,0,0,1,cpd32871,0
CHS_8569,,CCCCOCCCC,DURPTKYDGMDSBL-UHFFFAOYSA-N,DURPTKYDGMDSBL,0,0,1,,0
CHS_92570,,CCCCCCC(C)CO,IGVGCQGTEINVOH-UHFFFAOYSA-N,IGVGCQGTEINVOH,0,0,1,,0
CHS_9392730,,CCCCCCCCCC(C)(C)O,WQUNVSNKFICLRQ-UHFFFAOYSA-N,WQUNVSNKFICLRQ,0,0,1,,0
CHS_9630,,CCOCOCC,KLKFAASOGCDTDT-UHFFFAOYSA-N,KLKFAASOGCDTDT,0,0,1,,0
MAN_10201,2-deoxy-D-ribose 5-phosphate,O[C@@H]1C[C@H](O)[C@@H](COP(O)(O)=O)O1,KKZFLSZAWCYPOC-LMVFSUKVSA-N,KKZFLSZAWCYPOC,1,0,0,cpd00510,1
MAN_10204,Deoxyribose,OC[C@H]1OC(O)C[C@@H]1O,PDWIQYODPROSQH-PYHARJCCSA-N,PDWIQYODPROSQH,1,1,1,cpd01242,0
PBC_10687,"2,3-dimethylphenol",Cc1cccc(O)c1C,QWBBPBRQALCEIZ-UHFFFAOYSA-N,QWBBPBRQALCEIZ,1,1,1,,0
PBC_10864,n-pentylbenzene,CCCCCc1ccccc1,PWATWSYOIIXYMA-UHFFFAOYSA-N,PWATWSYOIIXYMA,1,1,1,,0
PBC_11335,"2,6-dimethylphenol",Cc1cccc(C)c1O,NXXYKOUNUYWIHA-UHFFFAOYSA-N,NXXYKOUNUYWIHA,1,1,1,,0
PBC_11582,2-methylhexane,CCCCC(C)C,GXDHCNNESPLIKD-UHFFFAOYSA-N,GXDHCNNESPLIKD,1,1,1,,0
PBC_11610,1-heptene,CCCCCC=C,ZGEGCLOFRBLKSE-UHFFFAOYSA-N,ZGEGCLOFRBLKSE,1,1,1,,0
PBC_12309,1-pentyne,CCCC#C,IBXNCJKFFQIKKY-UHFFFAOYSA-N,IBXNCJKFFQIKKY,1,1,0,,0
PBC_12332,n-hexanamide,CCCCCC(N)=O,ALBYIUDWACNRRB-UHFFFAOYSA-N,ALBYIUDWACNRRB,1,1,1,,0
PBC_12350,1-heptyne,CCCCCC#C,YVXHZKKCZYLQOP-UHFFFAOYSA-N,YVXHZKKCZYLQOP,1,1,0,,0
PBC_12370,1-octyne,CCCCCCC#C,UMIPWJGWASORKV-UHFFFAOYSA-N,UMIPWJGWASORKV,1,1,0,,0
PBC_12732,1-hexyne,CCCCC#C,CGHIBGNXEGJPQZ-UHFFFAOYSA-N,CGHIBGNXEGJPQZ,1,1,0,,0
PBC_136449,n-heptanamide,CCCCCCC(N)=O,AEDIXYWIVPYNBI-UHFFFAOYSA-N,AEDIXYWIVPYNBI,1,1,1,,0
PBC_14109,n-hexylbenzene,CCCCCCc1ccccc1,LTEQMZWBSYACLV-UHFFFAOYSA-N,LTEQMZWBSYACLV,1,1,1,,0
PBC_14115,n-heptylbenzene,CCCCCCCc1ccccc1,LBNXAWYDQUGHGX-UHFFFAOYSA-N,LBNXAWYDQUGHGX,1,1,1,,0
PBC_15077,Nonanethiol,CCCCCCCCC[S-],ZVEZMVFBMOOHAT-UHFFFAOYSA-M,ZVEZMVFBMOOHAT,1,1,1,,0
PBC_15422,Heptanethiol,CCCCCCCS,VPIAKHNXCOTPAY-UHFFFAOYSA-N,VPIAKHNXCOTPAY,1,1,1,,0
PBC_16607,n-octylbenzene,CCCCCCCCc1ccccc1,CDKDZKXSXLNROY-UHFFFAOYSA-N,CDKDZKXSXLNROY,1,1,1,,0
PBC_18591,2-methyloctane,CCCCCCC(C)C,ZUBZATZOEPUUQF-UHFFFAOYSA-N,ZUBZATZOEPUUQF,1,1,1,,0
PBC_21488,2-hydroxydecanoic acid,CCCCCCCCC(O)C(O)=O,GHPVDCPCKSNJDR-UHFFFAOYSA-N,GHPVDCPCKSNJDR,1,1,1,,0
PBC_62570,Undecanethiol,CCCCCCCCCCCS,CCIDWXHLGNEQSL-UHFFFAOYSA-N,CCIDWXHLGNEQSL,1,1,1,,0
PBC_6343,Ethanethiol,CCS,DNJIEGIFACGWOD-UHFFFAOYSA-N,DNJIEGIFACGWOD,1,1,1,cpd22693,0
PBC_69414,n-octanamide,CCCCCCCC(N)=O,LTHCSWBWNVGEFE-UHFFFAOYSA-N,LTHCSWBWNVGEFE,1,1,1,cpd38259,0
PBC_7267,"2,5-dimethylphenol",Cc1ccc(C)c(O)c1,NKTOLZVEWDHZMU-UHFFFAOYSA-N,NKTOLZVEWDHZMU,1,1,1,cpd34544,0
PBC_8004,1-pentene,CCCC=C,YWAKXRMUMFPDSH-UHFFFAOYSA-N,YWAKXRMUMFPDSH,1,1,1,,0
PBC_8012,Butanethiol,CCCC[S-],WQAQPCDUOCURKW-UHFFFAOYSA-M,WQAQPCDUOCURKW,1,1,1,,0
PBC_8067,Pentanethiol,CCCCC[S-],ZRKMQKLGEQPLNS-UHFFFAOYSA-M,ZRKMQKLGEQPLNS,1,1,1,,0
PBC_8106,Hexanethiol,CCCCCCS,PMBXCGGQNSVESQ-UHFFFAOYSA-N,PMBXCGGQNSVESQ,1,1,1,,0
PBC_8127,1-heptanamine (heptylamine),CCCCCCC[NH3+],WJYIASZWHGOTOU-UHFFFAOYSA-O,WJYIASZWHGOTOU,1,1,1,,0
PBC_8129,1-heptanol,CCCCCCCO,BBMCTIGTTCKYKF-UHFFFAOYSA-N,BBMCTIGTTCKYKF,1,1,1,cpd25546,0
PBC_8143,1-octanamine (octylamine),CCCCCCCC[NH3+],IOQPZZOEVPZRBK-UHFFFAOYSA-O,IOQPZZOEVPZRBK,1,1,1,cpd01199,0
PBC_8144,Octanethiol,CCCCCCCCS,KZCOBXFFBQJQHH-UHFFFAOYSA-N,KZCOBXFFBQJQHH,1,1,1,,0
PBC_8195,Dodecanethiol,CCCCCCCCCCCC[S-],WNAHIZMDSQCWRP-UHFFFAOYSA-M,WNAHIZMDSQCWRP,1,1,1,,0
PBC_8917,Decanethiol,CCCCCCCCCCS,VTXVGVNLYGSIAR-UHFFFAOYSA-N,VTXVGVNLYGSIAR,1,1,1,,0
