metabolite_id,common_name,formula,smiles,smiles_neutral,kegg_ids,inchikey,role,reactions_in_top10,n_reactions_in_top10,n_reactions_in_full_db,is_cofactor
cpd00067,H+,H,[H+],[H+],C00080,GPRLSGONYQIRFK-UHFFFAOYSA-N,product;reactant,rxn00086(#1);rxn32133(#2);rxn00070(#3);rxn34788(#4);rxn01713(#6);rxn01834(#7),6,30274,0
cpd00042,GSH,C10H15N3O6S,[NH3+][C@@H](CCC(=O)N[C@@H](C[S-])C(=O)NCC(=O)[O-])C(=O)[O-],N[C@@H](CCC(=O)N[C@@H](CS)C(=O)NCC(=O)O)C(=O)O,C00051,RWSXRVCMGQZWBV-WDSKDSINSA-L,product;reactant,rxn00086(#1);rxn32133(#2);rxn00070(#3);rxn34788(#4);rxn01834(#7),5,399,0
cpd00111,Oxidized glutathione,C20H30N6O12S2,[NH3+][C@@H](CCC(=O)N[C@@H](CSSC[C@H](NC(=O)CC[C@H]([NH3+])C(=O)[O-])C(=O)NCC(=O)[O-])C(=O)NCC(=O)[O-])C(=O)[O-],N[C@@H](CCC(=O)N[C@@H](CSSC[C@H](NC(=O)CC[C@H](N)C(=O)O)C(=O)NCC(=O)O)C(=O)NCC(=O)O)C(=O)O,C00127,YPZRWBKMTBYPTK-BJDJZHNGSA-L,product;reactant,rxn00086(#1);rxn32133(#2);rxn00070(#3);rxn34788(#4),4,87,0
cpd00014,UDP,C9H12N2O12P2,O=c1ccn([C@@H]2O[C@H](COP(=O)([O-])OP(=O)([O-])O)[C@@H](O)[C@H]2O)c(=O)[nH]1,O=c1ccn([C@@H]2O[C@H](COP(=O)(O)OP(=O)(O)O)[C@@H](O)[C@H]2O)c(=O)[nH]1,C00015;G10619,XCCTYIAWTASOJW-XVFCMESISA-L,product,rxn00605(#5);rxn01713(#6);rxn00579(#8),3,2289,0
cpd00026,UDP-glucose,C15H22N2O17P2,O=c1ccn([C@@H]2O[C@H](COP(=O)([O-])OP(=O)([O-])O[C@H]3O[C@H](CO)[C@@H](O)[C@H](O)[C@H]3O)[C@@H](O)[C@H]2O)c(=O)[nH]1,O=c1ccn([C@@H]2O[C@H](COP(=O)(O)OP(=O)(O)O[C@H]3O[C@H](CO)[C@@H](O)[C@H](O)[C@H]3O)[C@@H](O)[C@H]2O)c(=O)[nH]1,C00029;G10608,HSCJRCZFDFQWRP-JZMIEXBBSA-L,reactant,rxn00605(#5);rxn01713(#6);rxn00579(#8),3,800,0
cpd00003,NAD,C21H26N7O14P2,NC(=O)c1ccc[n+]([C@@H]2O[C@H](COP(=O)([O-])OP(=O)([O-])OC[C@H]3O[C@@H](n4cnc5c(N)ncnc54)[C@H](O)[C@@H]3O)[C@@H](O)[C@H]2O)c1,NC(=O)c1ccc[n+]([C@@H]2O[C@H](COP(=O)([O-])OP(=O)(O)OC[C@H]3O[C@@H](n4cnc5c(N)ncnc54)[C@H](O)[C@@H]3O)[C@@H](O)[C@H]2O)c1,C00003,BAWFJGJZGIEFAR-NNYOXOHSSA-M,product;reactant,rxn00070(#3);rxn34788(#4),2,3809,0
cpd00004,NADH,C21H27N7O14P2,NC(=O)C1=CN([C@@H]2O[C@H](COP(=O)([O-])OP(=O)([O-])OC[C@H]3O[C@@H](n4cnc5c(N)ncnc54)[C@H](O)[C@@H]3O)[C@@H](O)[C@H]2O)C=CC1,NC(=O)C1=CN([C@@H]2O[C@H](COP(=O)(O)OP(=O)(O)OC[C@H]3O[C@@H](n4cnc5c(N)ncnc54)[C@H](O)[C@@H]3O)[C@@H](O)[C@H]2O)C=CC1,C00004,BOPGDPNILDQYTO-NNYOXOHSSA-L,product;reactant,rxn00070(#3);rxn34788(#4),2,3695,0
cpd00005,NADPH,C21H26N7O17P3,NC(=O)C1=CN([C@@H]2O[C@H](COP(=O)([O-])OP(=O)([O-])OC[C@H]3O[C@@H](n4cnc5c(N)ncnc54)[C@H](OP(=O)([O-])[O-])[C@@H]3O)[C@@H](O)[C@H]2O)C=CC1,NC(=O)C1=CN([C@@H]2O[C@H](COP(=O)(O)OP(=O)(O)OC[C@H]3O[C@@H](n4cnc5c(N)ncnc54)[C@H](OP(=O)(O)O)[C@@H]3O)[C@@H](O)[C@H]2O)C=CC1,C00005,ACFIXJIJDZMPPO-NNYOXOHSSA-J,product;reactant,rxn00086(#1);rxn32133(#2),2,5189,0
cpd00006,NADP,C21H25N7O17P3,NC(=O)c1ccc[n+]([C@@H]2O[C@H](COP(=O)([O-])OP(=O)([O-])OC[C@H]3O[C@@H](n4cnc5c(N)ncnc54)[C@H](OP(=O)([O-])[O-])[C@@H]3O)[C@@H](O)[C@H]2O)c1,NC(=O)c1ccc[n+]([C@@H]2O[C@H](COP(=O)(O)OP(=O)([O-])OC[C@H]3O[C@@H](n4cnc5c(N)ncnc54)[C@H](OP(=O)(O)O)[C@@H]3O)[C@@H](O)[C@H]2O)c1,C00006,XJLXINKUBYWONI-NNYOXOHSSA-K,product;reactant,rxn00086(#1);rxn32133(#2),2,5205,0
cpd00012,PPi,HO7P2,O=P([O-])([O-])OP(=O)([O-])O,O=P(O)(O)OP(=O)(O)O,C00013,XPPKVPWEQAFLFU-UHFFFAOYSA-K,product,rxn01675(#9);rxn01005(#10),2,2835,0
cpd00062,UTP,C9H12N2O15P3,O=c1ccn([C@@H]2O[C@H](COP(=O)([O-])OP(=O)(O)OP(=O)([O-])[O-])[C@@H](O)[C@H]2O)c(=O)[nH]1,O=c1ccn([C@@H]2O[C@H](COP(=O)(O)OP(=O)(O)OP(=O)(O)O)[C@@H](O)[C@H]2O)c(=O)[nH]1,C00075,PGAVKCOVUIYSFO-XVFCMESISA-K,reactant,rxn01005(#10),1,121,0
cpd00076,Sucrose,C12H22O11,OC[C@H]1O[C@@](CO)(O[C@H]2O[C@H](CO)[C@@H](O)[C@H](O)[C@H]2O)[C@@H](O)[C@@H]1O,OC[C@H]1O[C@@](CO)(O[C@H]2O[C@H](CO)[C@@H](O)[C@H](O)[C@H]2O)[C@@H](O)[C@@H]1O,C00089;G00370,CZMRCDWAGMRECN-UGDNZRGBSA-N,product,rxn00579(#8),1,155,0
cpd00079,D-glucose-6-phosphate,C6H11O9P,O=P([O-])([O-])OC[C@H]1OC(O)[C@H](O)[C@@H](O)[C@@H]1O,O=P(O)(O)OC[C@H]1OC(O)[C@H](O)[C@@H](O)[C@@H]1O,C00092,NBSCHQHZLSJFNQ-GASJEMHNSA-L,reactant,rxn00605(#5),1,88,0
cpd00082,D-Fructose,C6H12O6,OC[C@H]1OC(O)(CO)[C@@H](O)[C@@H]1O,OC[C@H]1OC(O)(CO)[C@@H](O)[C@@H]1O,C00095;C10906,RFSUNEUAIZKAJO-VRPWFDPXSA-N,reactant,rxn00579(#8),1,150,0
cpd00089,Glucose-1-phosphate,C6H11O9P,O=P([O-])([O-])O[C@H]1O[C@H](CO)[C@@H](O)[C@H](O)[C@H]1O,O=P(O)(O)O[C@H]1O[C@H](CO)[C@@H](O)[C@H](O)[C@H]1O,C00103,HXXFSFRBOHSIMQ-VFUOTHLCSA-L,reactant,rxn01675(#9),1,160,0
cpd00144,UDPglucuronate,C15H19N2O18P2,O=C([O-])[C@H]1O[C@H](OP(=O)([O-])OP(=O)([O-])OC[C@H]2O[C@@H](n3ccc(=O)[nH]c3=O)[C@H](O)[C@@H]2O)[C@H](O)[C@@H](O)[C@@H]1O,O=C(O)[C@H]1O[C@H](OP(=O)(O)OP(=O)(O)OC[C@H]2O[C@@H](n3ccc(=O)[nH]c3=O)[C@H](O)[C@@H]2O)[C@H](O)[C@@H](O)[C@@H]1O,C00167;G10612,HDYANYHVCAPMJV-LXQIFKJMSA-K,product,rxn01005(#10),1,203,0
cpd00357,TTP,C10H14N2O14P3,Cc1cn([C@H]2C[C@H](O)[C@@H](COP(=O)([O-])OP(=O)([O-])OP(=O)([O-])O)O2)c(=O)[nH]c1=O,Cc1cn([C@H]2C[C@H](O)[C@@H](COP(=O)(O)OP(=O)(O)OP(=O)(O)O)O2)c(=O)[nH]c1=O,C00459,NHVNXKFIZYSCEB-XLPZGREQSA-K,reactant,rxn01675(#9),1,52,0
cpd00373,Sinapate,C11H11O5,COc1cc(/C=C/C(=O)[O-])cc(OC)c1O,COc1cc(/C=C/C(=O)O)cc(OC)c1O,C00482,PCMORTLOPMLEFB-ONEGZZNKSA-M,reactant,rxn01713(#6),1,18,0
cpd00428,2-Oxopropanal,C3H4O2,CC(=O)C=O,CC(=O)C=O,C00546,AIJULSRZWUXGPQ-UHFFFAOYSA-N,product,rxn01834(#7),1,64,0
cpd00523,Trehalose 6-phosphate,C12H21O14P,O=P([O-])([O-])OC[C@H]1O[C@H](O[C@H]2O[C@H](CO)[C@@H](O)[C@H](O)[C@H]2O)[C@H](O)[C@@H](O)[C@@H]1O,O=P(O)(O)OC[C@H]1O[C@H](O[C@H]2O[C@H](CO)[C@@H](O)[C@H](O)[C@H]2O)[C@H](O)[C@@H](O)[C@@H]1O,C00689;G09795,LABSPYBHMPDTEL-LIZSDCNHSA-L,product,rxn00605(#5),1,48,0
cpd00626,dTDPglucose,C16H24N2O16P2,Cc1cn([C@H]2C[C@H](O)[C@@H](COP(=O)([O-])OP(=O)([O-])O[C@H]3O[C@H](CO)[C@@H](O)[C@H](O)[C@H]3O)O2)c(=O)[nH]c1=O,Cc1cn([C@H]2C[C@H](O)[C@@H](COP(=O)(O)OP(=O)(O)O[C@H]3O[C@H](CO)[C@@H](O)[C@H](O)[C@H]3O)O2)c(=O)[nH]c1=O,C00842,YSYKRGRSMLTJNL-URARBOGNSA-L,product,rxn01675(#9),1,19,0
cpd00865,1-O-Sinapoyl-beta-D-glucose,C17H22O10,COc1cc(/C=C/C(=O)O[C@@H]2O[C@H](CO)[C@@H](O)[C@H](O)[C@H]2O)cc(OC)c1O,COc1cc(/C=C/C(=O)O[C@@H]2O[C@H](CO)[C@@H](O)[C@H](O)[C@H]2O)cc(OC)c1O,C01175,XRKBRPFTFKKHEF-DGDBGZAXSA-N,product,rxn01713(#6),1,25,0
cpd00880,1-Phospho-alpha-D-glucuronate,C6H8O10P,O=C([O-])[C@H]1O[C@H](OP(=O)([O-])[O-])[C@H](O)[C@@H](O)[C@@H]1O,O=C(O)[C@H]1O[C@H](OP(=O)(O)O)[C@H](O)[C@@H](O)[C@@H]1O,C05385,AIQDYKMWENWVQJ-QIUUJYRFSA-K,reactant,rxn01005(#10),1,8,0
cpd02182,(R)-S-Lactoylglutathione,C13H20N3O8S,C[C@@H](O)C(=O)SC[C@H](NC(=O)CC[C@H]([NH3+])C(=O)[O-])C(=O)NCC(=O)[O-],C[C@@H](O)C(=O)SC[C@H](NC(=O)CC[C@H](N)C(=O)O)C(=O)NCC(=O)O,C03451,VDYDCVUWILIYQF-CSMHCCOUSA-M,reactant,rxn01834(#7),1,11,0
